model,layer,n_proteins,median_enrichment_ratio,mean_diff,wilcoxon_p
ESM-2_150M,0,18,1.0215590873967915,0.029920293598536596,0.02158355712890625
ESM-2_150M,1,18,1.0175174768062911,0.11670613777933712,0.04936981201171875
ESM-2_150M,2,18,1.0839098404649454,0.1227618631235006,1.9073486328125e-05
ESM-2_150M,3,18,1.0685570527513513,0.12127296061482681,0.010406494140625
ESM-2_150M,4,18,1.1313562773301555,0.25289731615734556,0.000125885009765625
ESM-2_150M,5,18,1.124756424634309,0.19209141524343332,0.000965118408203125
ESM-2_150M,6,18,1.041816239354076,0.19481401120771197,0.17327499389648438
ESM-2_150M,7,18,1.183974948879398,0.328945689487832,0.011837005615234375
ESM-2_150M,8,18,1.1150390254576719,0.26165905598630274,0.2341461181640625
ESM-2_150M,9,18,1.041695554902898,0.19753254744605564,0.07075881958007812
ESM-2_150M,10,18,1.1422345362851856,0.21963829328504733,0.00384521484375
ESM-2_150M,11,18,1.2082493045761546,0.2418260680553242,0.00384521484375
ESM-2_150M,12,18,1.194384593215577,0.21675214302719883,0.024139404296875
ESM-2_150M,13,18,1.2265120213171423,0.26960699707642477,0.00693511962890625
ESM-2_150M,14,18,1.2295620908429568,0.2638002039247038,0.00279998779296875
ESM-2_150M,15,18,1.2744927917179125,0.33263605582174166,0.004482269287109375
ESM-2_150M,16,18,1.1352252088915153,0.18264196281588863,0.059352874755859375
ESM-2_150M,17,18,1.2113823653649414,0.2732352035893045,0.0052032470703125
ESM-2_150M,18,18,1.1955961871344314,0.29784588875609863,0.011837005615234375
ESM-2_150M,19,18,1.280294704943159,0.2985529116169629,0.00279998779296875
ESM-2_150M,20,18,1.1915597556109385,0.280132622402191,0.00140380859375
ESM-2_150M,21,18,1.1633622380131607,0.1501715763098753,0.00237274169921875
ESM-2_150M,22,18,1.259610647134381,0.2785851342516915,0.000965118408203125
ESM-2_150M,23,18,1.2438315482605846,0.22414307466371708,0.00116729736328125
ESM-2_150M,24,18,1.2486388677832867,0.24265137547171733,0.00116729736328125
ESM-2_150M,25,18,1.2363000761567218,0.2232566491387374,0.00140380859375
ESM-2_150M,26,18,1.1022895038054683,0.16637894941236586,0.00279998779296875
ESM-2_150M,27,18,1.2513684916986554,0.2273914990471972,0.000789642333984375
ESM-2_150M,28,18,1.0477989888928474,0.04766602074564651,0.0151824951171875
ESM-2_150M,29,18,1.022089349735194,0.00942999100988169,0.2754364013671875
ESM-2_650M,0,18,1.0364755267681773,0.044585075619858236,0.040714263916015625
ESM-2_650M,1,18,1.0219802263555027,0.0934322963131638,0.13226318359375
ESM-2_650M,2,18,1.067994801359973,0.11501812786720562,0.00116729736328125
ESM-2_650M,3,18,1.0890105323648689,0.13924623558118698,0.007965087890625
ESM-2_650M,4,18,1.13571671267025,0.1696136387936095,3.814697265625e-06
ESM-2_650M,5,18,1.138914162561723,0.27326570477629386,3.814697265625e-05
ESM-2_650M,6,18,1.0939496464544414,0.34327732339038186,0.0052032470703125
ESM-2_650M,7,18,1.0911659773211133,0.16674395162333092,0.007965087890625
ESM-2_650M,8,18,1.2345156965072492,0.2867661408516699,0.013423919677734375
ESM-2_650M,9,18,1.210311929252288,0.39265481733032315,0.019245147705078125
ESM-2_650M,10,18,1.3097493623765395,0.5683574670639273,0.013423919677734375
ESM-2_650M,11,18,1.1615734138941485,0.7199844235091531,0.0151824951171875
ESM-2_650M,12,18,1.2544046115105094,0.4344953497771523,0.011837005615234375
ESM-2_650M,13,18,1.2060780078939557,0.43105434997248027,0.00693511962890625
ESM-2_650M,14,18,1.1592792109084293,0.4416825566651248,0.007965087890625
ESM-2_650M,15,18,1.2688787368610106,0.5050866171162152,0.00116729736328125
ESM-2_650M,16,18,1.179015004477562,0.3522459920723981,0.010406494140625
ESM-2_650M,17,18,1.402252338620412,0.4915174481631362,0.00237274169921875
ESM-2_650M,18,18,1.2901084943170105,0.30405418894532255,0.0151824951171875
ESM-2_650M,19,18,1.4388427707136544,0.3703988136939721,0.00279998779296875
ESM-2_650M,20,18,1.3704701475366452,0.4062636789027352,0.001682281494140625
ESM-2_650M,21,18,1.3447048928798733,0.4463620554406745,0.000789642333984375
ESM-2_650M,22,18,1.3022264433510442,0.3169474228993838,0.00116729736328125
ESM-2_650M,23,18,1.2874376343270524,0.32868455860700924,0.001682281494140625
ESM-2_650M,24,18,1.3366338018775243,0.32969966760354197,0.00140380859375
ESM-2_650M,25,18,1.3781288373791263,0.43538631001651557,0.00026702880859375
ESM-2_650M,26,18,1.1981340436612071,0.2708740558294984,0.000522613525390625
ESM-2_650M,27,18,1.3299521961038854,0.2790949702024427,0.000965118408203125
ESM-2_650M,28,18,1.1354241168512011,0.11502953644448913,0.033267974853515625
ESM-2_650M,29,18,1.0977629112077212,0.09566408868098564,0.019245147705078125
ESM-2_650M,30,18,1.1153720007754195,0.0896067109127134,0.019245147705078125
ESM-2_650M,31,18,1.0413118433186332,0.059609915504927176,0.019245147705078125
ESM-2_650M,32,18,1.048400861824178,0.07694107691549218,0.011837005615234375
SaProt,0,18,1.0156630437935044,0.010447380984149941,0.17327499389648438
SaProt,1,18,1.0265436969357788,0.025977878022436816,0.03684234619140625
SaProt,2,18,1.0690248002078986,0.09190820205878299,0.004482269287109375
SaProt,3,18,1.1357346672852713,0.15170212972572059,0.000522613525390625
SaProt,4,18,1.0902891924341254,0.1495817271617236,0.000522613525390625
SaProt,5,18,1.1299996928661877,0.13579169999232532,0.000335693359375
SaProt,6,18,1.15025496117148,0.11427187329357451,0.006015777587890625
SaProt,7,18,1.1148816685622032,0.12292734698937109,0.00026702880859375
SaProt,8,18,1.1343823813996847,0.12480749380702605,0.00116729736328125
SaProt,9,18,1.1140331507103136,0.11394737327305762,0.00237274169921875
SaProt,10,18,1.1358067611044218,0.12241817144709015,0.000644683837890625
SaProt,11,18,1.1323367473128867,0.1385314380728457,9.5367431640625e-05
SaProt,12,18,1.162766731002824,0.20642976813651875,7.2479248046875e-05
SaProt,13,18,1.1961313164818959,0.21605349254244566,7.2479248046875e-05
SaProt,14,18,1.1836894594847545,0.2256308884089623,0.000125885009765625
SaProt,15,18,1.1307368191362968,0.24279192477291486,0.00026702880859375
SaProt,16,18,1.2443777282693613,0.3265873263050458,0.000209808349609375
SaProt,17,18,1.2206796618701077,0.3353449093439005,0.00116729736328125
SaProt,18,18,1.1735080570077931,0.2733166819682537,0.000644683837890625
SaProt,19,18,1.183458978525334,0.22756356731653204,0.000522613525390625
SaProt,20,18,1.1629738969954069,0.28430149637885854,0.006015777587890625
SaProt,21,18,1.1404987450857842,0.17566227410379243,0.00279998779296875
SaProt,22,18,1.16631713744344,0.23767564993928822,0.00279998779296875
SaProt,23,18,1.0977011434345338,0.17243021340924178,0.00911712646484375
SaProt,24,18,1.1798931662419578,0.1546314788839897,0.007965087890625
SaProt,25,18,1.161634798530172,0.2056159205967936,0.0052032470703125
SaProt,26,18,1.1995125931049753,0.2176026219072421,0.004482269287109375
SaProt,27,18,1.1943198245002593,0.20624282527965251,0.000965118408203125
SaProt,28,18,1.1419050723165665,0.16511292741617514,0.0052032470703125
SaProt,29,18,1.100174002872461,0.08219014656502559,0.00693511962890625
SaProt,30,18,1.1381885272923578,0.15014578387992708,0.000125885009765625
SaProt,31,18,1.1036279984095514,0.08852069220776018,0.002002716064453125
SaProt,32,18,0.9959763433752049,-0.014887731825123367,0.7658538818359375
ProtT5,0,18,0.9937340683531202,0.003019626847903757,0.4661407470703125
ProtT5,1,18,1.036994509603378,0.035444142063541344,0.006015777587890625
ProtT5,2,18,1.0513298969610405,0.07189034603150983,1.1444091796875e-05
ProtT5,3,18,1.151616217705312,0.1745835365829626,0.000789642333984375
ProtT5,4,18,1.130918248333725,0.17704932942898496,0.00116729736328125
ProtT5,5,18,1.2432926853119826,0.2927802599740869,5.340576171875e-05
ProtT5,6,18,1.2892767785935968,0.32231075796378367,0.00328826904296875
ProtT5,7,18,1.2691768179795153,0.36143525280227823,0.0052032470703125
ProtT5,8,18,1.4397678025497145,0.4708752873358521,0.026927947998046875
ProtT5,9,18,1.4474759288459802,0.5578611265184832,0.024139404296875
ProtT5,10,18,1.7347087069146983,0.6807569826973418,0.0151824951171875
ProtT5,11,18,1.6701806795321343,0.6101625715194119,0.010406494140625
ProtT5,12,18,1.7090463854760722,0.65869893653936,0.010406494140625
ProtT5,13,18,1.6242381092886675,0.7304840949303704,0.013423919677734375
ProtT5,14,18,1.7210762359329548,0.7036763186177419,0.011837005615234375
ProtT5,15,18,1.4816710453703439,0.678271703906946,0.010406494140625
ProtT5,16,18,1.5323334382657858,0.5489274621389334,0.011837005615234375
ProtT5,17,18,1.5435410814117092,0.5432623818105964,0.00693511962890625
ProtT5,18,18,1.238802285899918,0.37772855056451454,0.00237274169921875
ProtT5,19,18,1.2361682536319063,0.28254761017243957,0.004482269287109375
ProtT5,20,18,1.212239277555498,0.2687177463783794,0.000965118408203125
ProtT5,21,18,1.1333389901400137,0.26165990350227436,0.00140380859375
ProtT5,22,18,1.2053453986069473,0.25988379063248346,0.00140380859375
ProtT5,23,18,1.2414866077799709,0.24484454090871255,0.00279998779296875
