method,subset,n,roc_auc,roc_lo,roc_hi,pr_auc,pr_lo,pr_hi
AlphaMissense,full_shared,2080,0.9745650138373516,0.968405042487865,0.9803854086216681,0.9830209537809246,0.9784193379953666,0.987035756965289
REVEL,full_shared,2080,0.9398273877145387,0.9293152718964408,0.9500032032503919,0.9569577707611961,0.9462182587868879,0.9670911199128097
SaProt,full_shared,2080,0.9471959118693821,0.9380893913764324,0.9563859503327424,0.967157717486447,0.9603215057944146,0.973695873375918
ESM-2 650M,full_shared,2080,0.9312960831157843,0.9204615778932405,0.9415986115337043,0.9554588269598533,0.945977309515987,0.9645820262532296
CADD,full_shared,2080,0.8845135343777081,0.8679719360264008,0.9003815855687218,0.8885051691404696,0.8677089543120678,0.9087657298773494
SIFT,full_shared,2080,0.8651480338880867,0.8481506329753304,0.8806081548602556,0.8686261723780758,0.8481953641207058,0.8866488621681023
PolyPhen-2,full_shared,2080,0.8472388276540804,0.829816634068945,0.8642364674394234,0.8520878052259309,0.8321450090031343,0.8709900322999433
EVE,full_shared,2080,0.8351511340616827,0.8182030736909174,0.8530404901702653,0.8682344457596866,0.8497617027757183,0.8860902989425299
ESM-2 150M,full_shared,2080,0.8465219816044162,0.829104001236374,0.862557195885347,0.9099444308724497,0.8973750686120395,0.9209785981195281
ESM-1v,full_shared,2080,0.8373461600603226,0.8203403238717943,0.8535578019275055,0.9057481788833041,0.892999356673213,0.9167296058301102
AlphaMissense,native,2755,0.9722421400663463,0.9667680927445663,0.9772430319378004,0.9794728773493709,0.9751469131598495,0.9834421088429123
REVEL,native,2509,0.9389810064918942,0.9292411960963577,0.9483651548091914,0.9543288344296371,0.9448349750259811,0.9632929730426103
SaProt,native,2755,0.940581628104544,0.9308974963758013,0.9488306092603466,0.960109556818235,0.9526847415200578,0.9665200047242696
ESM-2 650M,native,2755,0.929634522541732,0.920613082227746,0.9386069549997528,0.9489055043518004,0.9394583633580752,0.9575217361597378
CADD,native,2516,0.8874023039540633,0.8736409395846324,0.9003097538963096,0.8834520248913638,0.8641999578156284,0.9013191479996354
SIFT,native,2386,0.8661619320446617,0.8517775138043551,0.8806384273057288,0.8556134467502855,0.8352595478041572,0.8735046835141148
PolyPhen-2,native,2502,0.8527866114019967,0.8388289512287733,0.8673925899185674,0.8519839786918985,0.8332605755738682,0.8715572947071161
EVE,native,2199,0.8311108964419259,0.8113303489487228,0.8473536736222641,0.870765984811874,0.851293234989006,0.88811119189896
ESM-2 150M,native,2755,0.8404777679964524,0.8243523009665843,0.8549650557988043,0.8982985661757241,0.8869861218833409,0.9089210243489533
ESM-1v,native,2755,0.8271231818684361,0.8116254193549437,0.8419170158613413,0.8908838412139061,0.8785015531589841,0.9014793471774983
