model,layer,mean_p,mean_b,mean_r,enrich_p_vs_r,enrich_p_vs_b,pval_p_vs_r,pval_p_vs_b,n_p,n_b,n_r
ESM-2_150M,0,1.0376478399979068,0.9908449787044853,0.9894551197150806,1.048706322624015,1.0472353014844114,7.417831218170438e-66,1.9814697460620461e-29,1347,873,11100
ESM-2_150M,1,1.1178414924727074,0.9615958169836633,0.990988114728584,1.1280069617977877,1.1624858102847786,3.3505976740665374e-06,1.2779511004470609e-08,1347,873,11100
ESM-2_150M,2,1.139010736609532,0.9588627615881676,0.9774574782504691,1.1652790652829457,1.1878767037766538,1.9983937741137414e-92,3.217107464631082e-54,1347,873,11100
ESM-2_150M,3,1.1363762846325802,0.9567399500844678,0.9697899702003411,1.1717756623094642,1.187758789138316,5.205622422039124e-39,1.5456373187342454e-22,1347,873,11100
ESM-2_150M,4,1.28816055618752,0.904950747989707,0.9619879328962919,1.3390610340705713,1.4234592977011074,9.575465150668356e-96,1.6859045606451916e-62,1347,873,11100
ESM-2_150M,5,1.2185902976511847,0.9370739002544582,0.9634082063549274,1.2648743176703294,1.300420700352749,2.189053494630946e-119,1.3035041664702002e-67,1347,873,11100
ESM-2_150M,6,1.1949445776082714,0.9591726420398157,0.9794751317839365,1.2199846007645916,1.2458076108874974,4.4383583701203224e-35,1.3859735883448183e-16,1347,873,11100
ESM-2_150M,7,1.3479311967789906,0.8691909810590034,0.959349300549911,1.4050473544999091,1.5507882918167197,2.5992530926845156e-93,1.7425848224518515e-66,1347,873,11100
ESM-2_150M,8,1.3028684678835256,0.8548477630708089,0.9699887067079545,1.3431790070065166,1.52409414186606,4.683153650016798e-34,2.7104118917835783e-25,1347,873,11100
ESM-2_150M,9,1.2488073859289122,0.8870208350107296,0.966535237866479,1.292045377140639,1.4078670270623421,5.171714821462529e-95,1.3332375353437003e-66,1347,873,11100
ESM-2_150M,10,1.259964382130744,0.9018475261067743,0.9638491589233682,1.307221540285557,1.3970924637005329,7.952378135474366e-131,6.047383217515517e-88,1347,873,11100
ESM-2_150M,11,1.3237576718319763,0.8955873511774297,0.9347078943118319,1.4162260529601902,1.4780888431392323,1.348068346101151e-154,1.6975078590323443e-80,1347,873,11100
ESM-2_150M,12,1.3408483997396654,0.888442551966795,0.9326898058524002,1.437614511626663,1.5092122690109273,7.737749984591727e-141,7.576129469864349e-75,1347,873,11100
ESM-2_150M,13,1.3700666608373235,0.8799060543514745,0.9294850777237265,1.4740060853828494,1.5570601589360773,2.4664413583995507e-172,9.851502473684657e-99,1347,873,11100
ESM-2_150M,14,1.3540319934454155,0.890310235381263,0.9461557033711726,1.4310879156791754,1.520854124366626,1.8717320669051267e-125,1.7629314262239551e-75,1347,873,11100
ESM-2_150M,15,1.4714462359525047,0.8654959279988367,0.9126215444035358,1.6123290590451722,1.700119189878479,3.372468503840529e-185,8.97247319888404e-105,1347,873,11100
ESM-2_150M,16,1.3286359944251527,0.884887276816887,0.9330667816572361,1.4239452315142322,1.5014748536158378,9.002031404295241e-125,9.195207468602215e-75,1347,873,11100
ESM-2_150M,17,1.359905956029538,0.8949548818196628,0.931056989058181,1.460604422727295,1.5195245968875164,6.567734865464247e-106,2.8113914972134532e-61,1347,873,11100
ESM-2_150M,18,1.4022931886675098,0.8666273403276966,0.9028659324737283,1.5531577150390643,1.6181040262787725,1.1687316778820827e-96,5.005767115590523e-52,1347,873,11100
ESM-2_150M,19,1.3847887535934194,0.8891521802199802,0.9197261684246966,1.5056533141437958,1.5574260339223556,1.1498374889929638e-120,2.3901355701666273e-64,1347,873,11100
ESM-2_150M,20,1.3758729932568388,0.8596780934762572,0.9186384109145886,1.4977307468419825,1.6004513825556006,3.1850433961629005e-102,1.635280915003463e-61,1347,873,11100
ESM-2_150M,21,1.1910771500338602,0.9361387506588218,0.9492236039767394,1.254790910217449,1.2723297152218318,5.204031187397798e-80,2.947400790040095e-35,1347,873,11100
ESM-2_150M,22,1.3723386159275937,0.8813839272466858,0.9159997238567821,1.4981867135826352,1.5570270497382206,3.3835726799572585e-122,3.2559035618690535e-62,1347,873,11100
ESM-2_150M,23,1.3148833210590423,0.9080942898203553,0.9322254998807434,1.4104777451670771,1.4479590234172273,8.76378660700693e-123,3.4160414112064414e-63,1347,873,11100
ESM-2_150M,24,1.3556293039828118,0.8835376579258997,0.9199103958300642,1.4736536407544178,1.534319778927301,1.579818991638254e-170,9.199828962208075e-90,1347,873,11100
ESM-2_150M,25,1.3229299289877536,0.9147300677201182,0.9321181982379776,1.4192727182974691,1.4462517147654679,9.11498925147053e-149,1.3550093795185105e-72,1347,873,11100
ESM-2_150M,26,1.2225322753921117,0.9616885724619355,0.9569672410391472,1.2775069228750129,1.2712351070808847,4.196991394100348e-110,3.1836073919672458e-46,1347,873,11100
ESM-2_150M,27,1.3099870286610893,0.907813917798548,0.9320281121510643,1.405523086248674,1.443012717669952,6.493393152272274e-206,2.935389053922764e-107,1347,873,11100
ESM-2_150M,28,1.0905232833063683,0.9671209728321806,0.9704932058770377,1.1236794618472976,1.1275975952758095,2.4506917564454828e-107,1.4106427995860648e-51,1347,873,11100
ESM-2_150M,29,1.0090960539440448,0.9735823033328455,0.9759796847147985,1.033931412454475,1.036477399486028,5.0330720741650516e-14,2.4742209745405885e-07,1347,873,11100
ESM-2_650M,0,1.051733532700613,0.9895324584135076,0.9899584131144189,1.0624017319998817,1.0628590540494556,1.7452343830920033e-53,4.232508599719863e-24,1347,873,11100
ESM-2_650M,1,1.09621150398927,0.9678288561645105,0.9915198624187762,1.1055870341468523,1.1326501550424293,1.7212197036364153e-10,6.175821808685874e-12,1347,873,11100
ESM-2_650M,2,1.1379774620379,0.9629385106752009,0.9734936356544495,1.168962405463363,1.1817758345130094,1.5821449892933606e-90,1.6480043475467955e-44,1347,873,11100
ESM-2_650M,3,1.1872683340474774,0.9308080932665254,0.9735371398684141,1.2195408736105866,1.2755242918880787,4.214722759585298e-103,4.010704639333322e-76,1347,873,11100
ESM-2_650M,4,1.1962808034290804,0.9353134178760262,0.9636542011059083,1.2414004962114058,1.2790159753568775,1.980116174910948e-134,1.0049358669733069e-78,1347,873,11100
ESM-2_650M,5,1.2976963672269781,0.9059587922565989,0.9616921241084735,1.3493885773786427,1.4324010962955869,1.211949900456713e-137,4.974031923009656e-89,1347,873,11100
ESM-2_650M,6,1.3436545884069373,0.8787275593373647,0.9676160410019728,1.3886237220866802,1.5290912116380726,7.557542323805667e-103,8.94614206730863e-61,1347,873,11100
ESM-2_650M,7,1.1709081983690184,0.9118025519320782,0.9857900877901026,1.1877865408384303,1.2841685909826688,5.423524628988335e-44,2.0108732371286697e-39,1347,873,11100
ESM-2_650M,8,1.2819403791392212,0.8722376547591656,0.9746474270401774,1.315286270269276,1.4697145578898207,1.371253979188639e-80,1.7267186054480168e-59,1347,873,11100
ESM-2_650M,9,1.3326606916425487,0.8810361654146703,0.9813176270862958,1.3580319509794725,1.5126061153406976,8.914232549284244e-77,2.0483525321279634e-45,1347,873,11100
ESM-2_650M,10,1.3529239825920962,0.8469352143873191,0.9987714084606987,1.3545882182162339,1.5974350335294702,3.16549252767738e-89,1.6535988798499184e-55,1347,873,11100
ESM-2_650M,11,1.5386570516390188,0.8439254394784689,0.9617129755610818,1.5999129581685603,1.823214444856505,3.8362074382855887e-147,3.428209311351461e-85,1347,873,11100
ESM-2_650M,12,1.4612150612635,0.8345877163257249,0.9639503302686924,1.5158613627490534,1.750822630959037,2.0772213646567778e-113,1.6903638685567285e-68,1347,873,11100
ESM-2_650M,13,1.4731647266045975,0.8179136651215002,0.9577374002055542,1.538171868706829,1.8011249712838096,4.7716199867080925e-157,1.3799760001235972e-91,1347,873,11100
ESM-2_650M,14,1.4001194855064132,0.8621637694204796,0.949266612596877,1.4749486255248703,1.6239600121999225,1.0570544877316926e-146,1.0768312260269182e-67,1347,873,11100
ESM-2_650M,15,1.4092214466159045,0.8430723547594108,0.8989256880707569,1.567672907023412,1.6715308462677048,2.5875638823743626e-165,1.219670146250306e-78,1347,873,11100
ESM-2_650M,16,1.3710025701597166,0.8456263008259689,0.9437743818276637,1.4526804250658991,1.6212865763760946,1.7054257717221245e-118,2.2193150417885035e-66,1347,873,11100
ESM-2_650M,17,1.5226158464317774,0.8602055040148662,0.9064300175883748,1.679794156070439,1.7700605719507967,3.43953469459302e-163,9.460021344342432e-85,1347,873,11100
ESM-2_650M,18,1.3723012958974774,0.8628927301978191,0.9320651804810172,1.4723233145446595,1.5903498173902517,3.477440200427965e-145,2.2568085643319885e-83,1347,873,11100
ESM-2_650M,19,1.437399956656989,0.8523237878650871,0.9081737002220239,1.5827368225985663,1.6864482455164242,1.2076020897616256e-153,7.794068741834453e-83,1347,873,11100
ESM-2_650M,20,1.450010072614143,0.8576425124143271,0.9244578714333139,1.5684977297732272,1.6906928605162743,1.6824102598607587e-167,1.5493497868112472e-103,1347,873,11100
ESM-2_650M,21,1.4796628171015247,0.8576629579681712,0.9031628439555297,1.638312323192052,1.7252264463034401,2.6006152880326376e-153,5.744828218350174e-76,1347,873,11100
ESM-2_650M,22,1.44758153506005,0.8764305342786773,0.9192381832137838,1.5747621905773157,1.651678573991541,7.950674425788916e-143,9.383537492103404e-74,1347,873,11100
ESM-2_650M,23,1.4496852627885546,0.8509947953560099,0.9151007976778993,1.584180962870082,1.7035183654467418,1.04471615288185e-183,5.724427473330195e-103,1347,873,11100
ESM-2_650M,24,1.462633462817738,0.8552636362159921,0.9036051264297855,1.6186644143960505,1.7101550923981503,1.7458923013898578e-189,6.447216627712345e-98,1347,873,11100
ESM-2_650M,25,1.5801305300276105,0.8404955415381599,0.8959318144767134,1.76367275332277,1.8799987054492544,6.282067994034416e-197,2.077218037258788e-101,1347,873,11100
ESM-2_650M,26,1.3691474522319473,0.8913481697388941,0.9236193960609737,1.4823719143091292,1.5360411326507988,3.2046653618966146e-155,2.188865136333337e-76,1347,873,11100
ESM-2_650M,27,1.4417620389967736,0.8607026574811029,0.9203041441349296,1.5666147416428355,1.6750988584329172,3.15975551884628e-203,2.6773463025127304e-117,1347,873,11100
ESM-2_650M,28,1.2836711353386607,0.9041034435215412,0.9368297809496656,1.3702287880274275,1.4198277249544355,2.3349076601310574e-176,1.4822708692108382e-95,1347,873,11100
ESM-2_650M,29,1.1841449216727247,0.9133561378150734,0.9161673582620449,1.2924984840313771,1.2964766673659531,5.482000948270441e-179,9.435015392446535e-85,1347,873,11100
ESM-2_650M,30,1.182260986270954,0.9379007831676719,0.9507214922894228,1.2435408222695832,1.260539502140065,1.4267821933311928e-176,1.1127240216495584e-87,1347,873,11100
ESM-2_650M,31,1.1182448799820768,0.946637910870752,0.9587890814929395,1.166309568566266,1.1812804739179255,3.387055136882429e-147,7.557682038984977e-79,1347,873,11100
ESM-2_650M,32,1.1344003055656762,0.9261071349815269,0.9409945955684593,1.2055332845778775,1.224912607533581,5.212463389933048e-83,2.129701678355878e-46,1347,873,11100
SaProt,0,1.0305515683042445,0.9899701366173306,0.9893545597200996,1.041640287780955,1.040992581680876,1.09976685908637e-26,6.046061042515123e-13,1347,873,11100
SaProt,1,1.0439862134550444,0.9776916873277531,0.9867426973124882,1.0580126068310065,1.0678071901260497,9.627928649803808e-46,3.5660622076690258e-28,1347,873,11100
SaProt,2,1.1254043786633696,0.9488067217981966,0.9809668356824566,1.1472399858252376,1.1861260600372663,1.761670003836593e-104,1.925943601642152e-73,1347,873,11100
SaProt,3,1.191914816962938,0.9450722011776997,0.9696504021496386,1.2292211856155133,1.2611891615028312,4.5725519834946793e-110,1.0211039652564818e-61,1347,873,11100
SaProt,4,1.193021597690554,0.9351813163680855,0.9673128611010474,1.2333358168448136,1.2757115404356336,2.716945139008502e-133,2.4339831572705595e-78,1347,873,11100
SaProt,5,1.1972913372136083,0.9409398476828961,0.9603515236925434,1.2467219634431705,1.2724419527581794,2.565042868357123e-206,4.2048311382122345e-112,1347,873,11100
SaProt,6,1.1573919433527906,0.9291595566723355,0.9647672205438484,1.199659273975289,1.2456331477640286,4.119690321749687e-78,2.497306642155612e-50,1347,873,11100
SaProt,7,1.1488714617273943,0.9186052276165079,0.932899244983454,1.2315064760801375,1.250669414007533,1.3070633912636353e-170,3.9347669183449095e-91,1347,873,11100
SaProt,8,1.1407957000916502,0.9045287375461059,0.937931487718681,1.216288945439281,1.2612044844329795,8.70119293510994e-113,2.464775082100376e-68,1347,873,11100
SaProt,9,1.1638139826594764,0.9252044954523871,0.9535057058742454,1.2205632074245478,1.257899187022885,3.9649439748648303e-159,3.462868648001147e-94,1347,873,11100
SaProt,10,1.1473971439363697,0.9105288346062275,0.9342529810924788,1.228143947257892,1.2601436663261518,6.292755521765886e-172,1.9064150590506804e-99,1347,873,11100
SaProt,11,1.0953889417931515,0.8765418589593073,0.8827595506487665,1.2408689784076732,1.2496710004171108,3.2468127166606784e-161,2.310369144209661e-77,1347,873,11100
SaProt,12,1.2068456107364731,0.8689027628333298,0.8790359254141111,1.372919554076168,1.3889305712427185,6.317057451776579e-220,3.088151123771481e-106,1347,873,11100
SaProt,13,1.2691569106615996,0.8951193859623606,0.917365121680337,1.383480667258077,1.4178632823342372,1.1124647672350651e-208,1.3105206133904841e-107,1347,873,11100
SaProt,14,1.2974886581379126,0.9143445121053978,0.9431982370056547,1.3756266787107383,1.419036961407769,1.5331158249469785e-228,8.079349665490877e-126,1347,873,11100
SaProt,15,1.319609025538897,0.9053303248762129,0.9260190792502584,1.4250343811569246,1.4575994963157,3.2453240945241716e-198,4.753540029143994e-99,1347,873,11100
SaProt,16,1.394712134985545,0.8726575605716356,0.8890188411361463,1.5688217959510666,1.5982353193295395,6.98510639593189e-209,7.76595059154421e-97,1347,873,11100
SaProt,17,1.4138280685158597,0.877475823767543,0.9029280956988937,1.5658257565033615,1.6112444698993837,1.2144326995761645e-223,9.877711227317227e-104,1347,873,11100
SaProt,18,1.3095774808988452,0.8516941363459191,0.8525755416165601,1.5360251578596404,1.5376147668662061,3.6519906941968135e-201,1.6165537722105455e-85,1347,873,11100
SaProt,19,1.3391340296181733,0.9140328022417744,0.9067001099871086,1.4769315839580222,1.465083119920628,1.1727571484597613e-234,4.699256800827675e-103,1347,873,11100
SaProt,20,1.4485195605464574,0.8639898367081038,0.8968503662809595,1.6151184355904857,1.676546990489467,2.4435333308236718e-219,1.7227467160817486e-110,1347,873,11100
SaProt,21,1.266732737366677,0.9226810931818046,0.9334321248477644,1.3570700039633534,1.3728825124165416,1.1481257556758054e-175,2.8541808520287136e-83,1347,873,11100
SaProt,22,1.3312894546419227,0.888414172474871,0.8813465254908209,1.510517618368699,1.4985009198281094,1.3096970616314569e-170,5.290449942457533e-75,1347,873,11100
SaProt,23,1.2636366732136444,0.8877426375638169,0.8753413539614764,1.4435930251608526,1.4234268128445118,1.6571069139827147e-182,2.243949811404139e-75,1347,873,11100
SaProt,24,1.1481368627341129,0.8440876554309434,0.8286242682278693,1.3855940584380502,1.360210465520834,8.900504020532012e-153,1.5689462861011042e-64,1347,873,11100
SaProt,25,1.3577035910435402,0.8994369218712683,0.9309808621642826,1.4583582178985302,1.5095039552288483,2.5376621299382025e-177,4.685703364159883e-89,1347,873,11100
SaProt,26,1.3301246162689255,0.908270031077209,0.902132971987531,1.4744219062722719,1.4644594347029116,6.508077414804442e-185,1.0236358554686822e-75,1347,873,11100
SaProt,27,1.328666442221151,0.9071912808175212,0.9370454307773092,1.417931723031806,1.4645934879618934,8.628739313893971e-168,5.948081157730823e-82,1347,873,11100
SaProt,28,1.2798855123957087,0.9109417043737257,0.9389366959129368,1.3631222615612697,1.405013631773103,2.135011102072503e-205,1.761927711332016e-101,1347,873,11100
SaProt,29,1.098251407090699,0.9111459864237328,0.9262245063631385,1.1857291612840517,1.2053517476396498,4.515459141753476e-137,4.263946242046152e-69,1347,873,11100
SaProt,30,1.1871033686129535,0.9563908041001459,0.9620686733024615,1.233907102013854,1.241232520768413,1.2346064167034518e-165,2.8424223689585943e-71,1347,873,11100
SaProt,31,1.1092868688023347,0.9468754594814873,0.960236745495517,1.155222265765202,1.1715235173692056,8.476142004039074e-126,7.573519490526161e-67,1347,873,11100
SaProt,32,0.9525175527589977,0.9774569519470101,0.970192354418136,0.9817821676509308,0.9744854245106803,0.99999999666002,0.9999999617694496,1347,873,11100
ProtT5,0,1.0027729194962545,0.9782520987323879,0.9827968171910123,1.0203257702465267,1.0250659526267722,0.0040561794656005234,0.0018680769232270946,1347,873,11100
ProtT5,1,1.0280467971838574,0.9680762980197304,0.9713565532393283,1.058361930802315,1.0619481122374352,1.7529567019650748e-30,9.16482510027754e-16,1347,873,11100
ProtT5,2,1.0879022636144535,0.9506876404479334,0.9666807607219026,1.125399726381256,1.1443319733302402,7.620365589250012e-86,7.394062900719956e-52,1347,873,11100
ProtT5,3,1.1870790876630686,0.9049077858766467,0.9448323434967179,1.2563912484936988,1.3118232666249667,1.2218899934665588e-115,2.553014177942934e-74,1347,873,11100
ProtT5,4,1.200467235880953,0.8846404988058381,0.9265974865142289,1.2955649603551116,1.3570113933303352,7.582753224037242e-99,1.1640340185649327e-60,1347,873,11100
ProtT5,5,1.230486543424588,0.8198314408119874,0.8766127968693639,1.4036830717267748,1.5009018710064042,6.182627667960837e-81,3.807884830518354e-50,1347,873,11100
ProtT5,6,1.256601981105146,0.7684267557909945,0.8366538011705553,1.5019378138807769,1.635291811008896,5.343978678300268e-72,2.714661662427653e-49,1347,873,11100
ProtT5,7,1.2606044224482071,0.7961385594200843,0.852397264070339,1.478893088451048,1.583398276006685,3.8474121717717515e-18,4.263224803870764e-11,1347,873,11100
ProtT5,8,1.2853583829351594,0.611645143875961,0.7230722271751713,1.7776348400998243,2.1014772957893775,7.900717360059523e-36,3.1027448902113275e-29,1347,873,11100
ProtT5,9,1.5155618102265538,0.7116600292791343,0.8173607142873712,1.8542141599598656,2.129614911437024,1.4498702312531079e-30,1.0527391120667114e-23,1347,873,11100
ProtT5,10,1.6795635313658512,0.7252305533058455,0.8067651250555709,2.081849449367511,2.315902885930321,6.720747510848051e-87,1.509032763302688e-63,1347,873,11100
ProtT5,11,1.6224491236912557,0.7401714554015987,0.8017547980810071,2.023622593309791,2.191990939195237,1.208483975128433e-160,5.671443529506575e-104,1347,873,11100
ProtT5,12,1.7688848336449179,0.7625492799254764,0.8320889595124099,2.1258362022751203,2.3196990413757788,2.2558635398344994e-141,3.692641583355908e-92,1347,873,11100
ProtT5,13,1.8968461940442534,0.7106861357426725,0.8081873510818224,2.347037715333178,2.669035033393517,2.5938703877916023e-149,7.614490503212181e-99,1347,873,11100
ProtT5,14,1.8536511915386742,0.7256303126459679,0.803066117011749,2.3082174085942104,2.554539355969633,1.4985761197415533e-174,2.104855413646187e-100,1347,873,11100
ProtT5,15,1.8272363210308524,0.7468814378751513,0.8245847974167214,2.215947136977617,2.4464877936038536,1.9576669794026843e-161,3.949435675752779e-97,1347,873,11100
ProtT5,16,1.796766952133745,0.7517266992782536,0.8276201216755686,2.171004431956147,2.3901864252777685,1.14739033287214e-181,1.5891346175463406e-107,1347,873,11100
ProtT5,17,1.7376669055900489,0.7375101805552584,0.8093586549968332,2.146967719270078,2.356125991754839,4.7184974131808543e-212,3.920818337191111e-120,1347,873,11100
ProtT5,18,1.588656675399633,0.8017648936410403,0.8757520468412219,1.814048486817484,1.98144953464487,9.564257524295863e-217,5.889773365676101e-131,1347,873,11100
ProtT5,19,1.4091092720683096,0.77351932550214,0.8493974685830039,1.6589515794284595,1.8216859302817914,2.1909428032300032e-212,9.581782579398609e-132,1347,873,11100
ProtT5,20,1.332773503145644,0.7601674984957071,0.8358643415704504,1.594485416905791,1.7532629397903292,1.058775050641733e-233,1.2517782664591236e-147,1347,873,11100
ProtT5,21,1.3623786421289423,0.8115673576570185,0.8779884500224311,1.551704515126749,1.6787006392939545,5.568670088898821e-178,2.317203736131461e-117,1347,873,11100
ProtT5,22,1.299014575408845,0.8241686501453832,0.8819036640347662,1.4729665250122326,1.5761514044239597,4.7878423284184074e-147,2.3224001188167217e-99,1347,873,11100
ProtT5,23,1.3111399177630565,0.8559980130277548,0.905255936233847,1.4483637889388674,1.531709066853341,2.4537959350539623e-126,4.539287175941579e-83,1347,873,11100
