model,layer,n_pathogenic,n_benign,mean_attn_pathogenic,mean_attn_benign,enrichment_ratio,pvalue,log10_pvalue
ESM-2_150M,0,1347,873,1.0376478399979068,0.9908449787044853,1.0472353014844114,1.9814697460620461e-29,28.703012554275347
ESM-2_150M,1,1347,873,1.1178414924727074,0.9615958169836633,1.1624858102847786,1.2779511004470609e-08,7.893485763714635
ESM-2_150M,2,1347,873,1.139010736609532,0.9588627615881676,1.1878767037766538,3.217107464631082e-54,53.49253443163245
ESM-2_150M,3,1347,873,1.1363762846325802,0.9567399500844678,1.187758789138316,1.5456373187342454e-22,21.81089240495246
ESM-2_150M,4,1347,873,1.28816055618752,0.904950747989707,1.4234592977011074,1.6859045606451916e-62,61.7731670145027
ESM-2_150M,5,1347,873,1.2185902976511847,0.9370739002544582,1.300420700352749,1.3035041664702002e-67,66.88488757633138
ESM-2_150M,6,1347,873,1.1949445776082714,0.9591726420398157,1.2458076108874974,1.3859735883448183e-16,15.85824504573099
ESM-2_150M,7,1347,873,1.3479311967789906,0.8691909810590034,1.5507882918167197,1.7425848224518515e-66,65.75880607289928
ESM-2_150M,8,1347,873,1.3028684678835256,0.8548477630708089,1.52409414186606,2.7104118917835783e-25,24.566964705901977
ESM-2_150M,9,1347,873,1.2488073859289122,0.8870208350107296,1.4078670270623421,1.3332375353437003e-66,65.87509246791642
ESM-2_150M,10,1347,873,1.259964382130744,0.9018475261067743,1.3970924637005329,6.047383217515517e-88,87.21843250965121
ESM-2_150M,11,1347,873,1.3237576718319763,0.8955873511774297,1.4780888431392323,1.6975078590323443e-80,79.77018820636913
ESM-2_150M,12,1347,873,1.3408483997396654,0.888442551966795,1.5092122690109273,7.576129469864349e-75,74.12055261220341
ESM-2_150M,13,1347,873,1.3700666608373235,0.8799060543514745,1.5570601589360773,9.851502473684657e-99,98.00649752927197
ESM-2_150M,14,1347,873,1.3540319934454155,0.890310235381263,1.520854124366626,1.7629314262239551e-75,74.75376458037891
ESM-2_150M,15,1347,873,1.4714462359525047,0.8654959279988367,1.700119189878479,8.97247319888404e-105,104.04708783024678
ESM-2_150M,16,1347,873,1.3286359944251527,0.884887276816887,1.5014748536158378,9.195207468602215e-75,74.03643846746422
ESM-2_150M,17,1347,873,1.359905956029538,0.8949548818196628,1.5195245968875164,2.8113914972134532e-61,60.55107867298359
ESM-2_150M,18,1347,873,1.4022931886675098,0.8666273403276966,1.6181040262787725,5.005767115590523e-52,51.30052935903595
ESM-2_150M,19,1347,873,1.3847887535934194,0.8891521802199802,1.5574260339223556,2.3901355701666273e-64,63.621577464865474
ESM-2_150M,20,1347,873,1.3758729932568388,0.8596780934762572,1.6004513825556006,1.635280915003463e-61,60.78640763177649
ESM-2_150M,21,1347,873,1.1910771500338602,0.9361387506588218,1.2723297152218318,2.947400790040095e-35,34.53056080440532
ESM-2_150M,22,1347,873,1.3723386159275937,0.8813839272466858,1.5570270497382206,3.2559035618690535e-62,61.487328467163785
ESM-2_150M,23,1347,873,1.3148833210590423,0.9080942898203553,1.4479590234172273,3.4160414112064414e-63,62.46647687318519
ESM-2_150M,24,1347,873,1.3556293039828118,0.8835376579258997,1.534319778927301,9.199828962208075e-90,89.03622024672616
ESM-2_150M,25,1347,873,1.3229299289877536,0.9147300677201182,1.4462517147654679,1.3550093795185105e-72,71.86805769854675
ESM-2_150M,26,1347,873,1.2225322753921117,0.9616885724619355,1.2712351070808847,3.1836073919672458e-46,45.49708049558744
ESM-2_150M,27,1347,873,1.3099870286610893,0.907813917798548,1.443012717669952,2.935389053922764e-107,106.53233432958702
ESM-2_150M,28,1347,873,1.0905232833063683,0.9671209728321806,1.1275975952758095,1.4106427995860648e-51,50.8505829435865
ESM-2_150M,29,1347,873,1.0090960539440448,0.9735823033328455,1.036477399486028,2.4742209745405885e-07,6.606561515807139
ESM-2_650M,0,1347,873,1.051733532700613,0.9895324584135076,1.0628590540494556,4.232508599719863e-24,23.37340215080743
ESM-2_650M,1,1347,873,1.09621150398927,0.9678288561645105,1.1326501550424293,6.175821808685874e-12,11.209305243213265
ESM-2_650M,2,1347,873,1.1379774620379,0.9629385106752009,1.1817758345130094,1.6480043475467955e-44,43.78304164693921
ESM-2_650M,3,1347,873,1.1872683340474774,0.9308080932665254,1.2755242918880787,4.010704639333322e-76,75.39677931962663
ESM-2_650M,4,1347,873,1.1962808034290804,0.9353134178760262,1.2790159753568775,1.0049358669733069e-78,77.99786165317715
ESM-2_650M,5,1347,873,1.2976963672269781,0.9059587922565989,1.4324010962955869,4.974031923009656e-89,88.30329143178372
ESM-2_650M,6,1347,873,1.3436545884069373,0.8787275593373647,1.5290912116380726,8.94614206730863e-61,60.04836420938734
ESM-2_650M,7,1347,873,1.1709081983690184,0.9118025519320782,1.2841685909826688,2.0108732371286697e-39,38.69661530590784
ESM-2_650M,8,1347,873,1.2819403791392212,0.8722376547591656,1.4697145578898207,1.7267186054480168e-59,58.7627784314299
ESM-2_650M,9,1347,873,1.3326606916425487,0.8810361654146703,1.5126061153406976,2.0483525321279634e-45,44.68859529692364
ESM-2_650M,10,1347,873,1.3529239825920962,0.8469352143873191,1.5974350335294702,1.6535988798499184e-55,54.78156983057233
ESM-2_650M,11,1347,873,1.5386570516390188,0.8439254394784689,1.823214444856505,3.428209311351461e-85,84.46493266983232
ESM-2_650M,12,1347,873,1.4612150612635,0.8345877163257249,1.750822630959037,1.6903638685567285e-68,67.7720197988794
ESM-2_650M,13,1347,873,1.4731647266045975,0.8179136651215002,1.8011249712838096,1.3799760001235972e-91,90.86012846657306
ESM-2_650M,14,1347,873,1.4001194855064132,0.8621637694204796,1.6239600121999225,1.0768312260269182e-67,66.96785235923585
ESM-2_650M,15,1347,873,1.4092214466159045,0.8430723547594108,1.6715308462677048,1.219670146250306e-78,77.9137576062373
ESM-2_650M,16,1347,873,1.3710025701597166,0.8456263008259689,1.6212865763760946,2.2193150417885035e-66,65.65378104332964
ESM-2_650M,17,1347,873,1.5226158464317774,0.8602055040148662,1.7700605719507967,9.460021344342432e-85,84.0241078837124
ESM-2_650M,18,1347,873,1.3723012958974774,0.8628927301978191,1.5903498173902517,2.2568085643319885e-83,82.64650527875136
ESM-2_650M,19,1347,873,1.437399956656989,0.8523237878650871,1.6864482455164242,7.794068741834453e-83,82.1082357681523
ESM-2_650M,20,1347,873,1.450010072614143,0.8576425124143271,1.6906928605162743,1.5493497868112472e-103,102.8098505232784
ESM-2_650M,21,1347,873,1.4796628171015247,0.8576629579681712,1.7252264463034401,5.744828218350174e-76,75.24072295303975
ESM-2_650M,22,1347,873,1.44758153506005,0.8764305342786773,1.651678573991541,9.383537492103404e-74,73.02763340643148
ESM-2_650M,23,1347,873,1.4496852627885546,0.8509947953560099,1.7035183654467418,5.724427473330195e-103,102.24226794263123
ESM-2_650M,24,1347,873,1.462633462817738,0.8552636362159921,1.7101550923981503,6.447216627712345e-98,97.19062773716604
ESM-2_650M,25,1347,873,1.5801305300276105,0.8404955415381599,1.8799987054492544,2.077218037258788e-101,100.68251791491967
ESM-2_650M,26,1347,873,1.3691474522319473,0.8913481697388941,1.5360411326507988,2.188865136333337e-76,75.6597809960157
ESM-2_650M,27,1347,873,1.4417620389967736,0.8607026574811029,1.6750988584329172,2.6773463025127304e-117,116.57229545117268
ESM-2_650M,28,1347,873,1.2836711353386607,0.9041034435215412,1.4198277249544355,1.4822708692108382e-95,94.8290724264144
ESM-2_650M,29,1347,873,1.1841449216727247,0.9133561378150734,1.2964766673659531,9.435015392446535e-85,84.02525738698297
ESM-2_650M,30,1347,873,1.182260986270954,0.9379007831676719,1.260539502140065,1.1127240216495584e-87,86.95361253623749
ESM-2_650M,31,1347,873,1.1182448799820768,0.946637910870752,1.1812804739179255,7.557682038984977e-79,78.12161138333975
ESM-2_650M,32,1347,873,1.1344003055656762,0.9261071349815269,1.224912607533581,2.129701678355878e-46,45.671681226851206
SaProt,0,1347,873,1.0305515683042445,0.9899701366173306,1.040992581680876,6.046061042515123e-13,12.218527472392465
SaProt,1,1347,873,1.0439862134550444,0.9776916873277531,1.0678071901260497,3.5660622076690258e-28,27.447811085105773
SaProt,2,1347,873,1.1254043786633696,0.9488067217981966,1.1861260600372663,1.925943601642152e-73,72.71535643468512
SaProt,3,1347,873,1.191914816962938,0.9450722011776997,1.2611891615028312,1.0211039652564818e-61,60.99093003730728
SaProt,4,1347,873,1.193021597690554,0.9351813163680855,1.2757115404356336,2.4339831572705595e-78,77.61368243133593
SaProt,5,1347,873,1.1972913372136083,0.9409398476828961,1.2724419527581794,4.2048311382122345e-112,111.3762514403453
SaProt,6,1347,873,1.1573919433527906,0.9291595566723355,1.2456331477640286,2.497306642155612e-50,49.602528127724874
SaProt,7,1347,873,1.1488714617273943,0.9186052276165079,1.250669414007533,3.9347669183449095e-91,90.4050809886098
SaProt,8,1347,873,1.1407957000916502,0.9045287375461059,1.2612044844329795,2.464775082100376e-68,67.60822270521409
SaProt,9,1347,873,1.1638139826594764,0.9252044954523871,1.257899187022885,3.462868648001147e-94,93.46056398160393
SaProt,10,1347,873,1.1473971439363697,0.9105288346062275,1.2601436663261518,1.9064150590506804e-99,98.71978254009258
SaProt,11,1347,873,1.0953889417931515,0.8765418589593073,1.2496710004171108,2.310369144209661e-77,76.63631862422687
SaProt,12,1347,873,1.2068456107364731,0.8689027628333298,1.3889305712427185,3.088151123771481e-106,105.51030145489909
SaProt,13,1347,873,1.2691569106615996,0.8951193859623606,1.4178632823342372,1.3105206133904841e-107,106.88255614357557
SaProt,14,1347,873,1.2974886581379126,0.9143445121053978,1.419036961407769,8.079349665490877e-126,125.09262359566793
SaProt,15,1347,873,1.319609025538897,0.9053303248762129,1.4575994963157,4.753540029143994e-99,98.32298284458285
SaProt,16,1347,873,1.394712134985545,0.8726575605716356,1.5982353193295395,7.76595059154421e-97,96.10980537684533
SaProt,17,1347,873,1.4138280685158597,0.877475823767543,1.6112444698993837,9.877711227317227e-104,103.00534367449112
SaProt,18,1347,873,1.3095774808988452,0.8516941363459191,1.5376147668662061,1.6165537722105455e-85,84.7914098446646
SaProt,19,1347,873,1.3391340296181733,0.9140328022417744,1.465083119920628,4.699256800827675e-103,102.32797082138798
SaProt,20,1347,873,1.4485195605464574,0.8639898367081038,1.676546990489467,1.7227467160817486e-110,109.76377856926928
SaProt,21,1347,873,1.266732737366677,0.9226810931818046,1.3728825124165416,2.8541808520287136e-83,82.54451851175757
SaProt,22,1347,873,1.3312894546419227,0.888414172474871,1.4985009198281094,5.290449942457533e-75,74.27650739049473
SaProt,23,1347,873,1.2636366732136444,0.8877426375638169,1.4234268128445118,2.243949811404139e-75,74.64898686081783
SaProt,24,1347,873,1.1481368627341129,0.8440876554309434,1.360210465520834,1.5689462861011042e-64,63.80439192451326
SaProt,25,1347,873,1.3577035910435402,0.8994369218712683,1.5095039552288483,4.685703364159883e-89,88.32922520856582
SaProt,26,1347,873,1.3301246162689255,0.908270031077209,1.4644594347029116,1.0236358554686822e-75,74.9898545102414
SaProt,27,1347,873,1.328666442221151,0.9071912808175212,1.4645934879618934,5.948081157730823e-82,81.22562311444158
SaProt,28,1347,873,1.2798855123957087,0.9109417043737257,1.405013631773103,1.761927711332016e-101,100.75401191386587
SaProt,29,1347,873,1.098251407090699,0.9111459864237328,1.2053517476396498,4.263946242046152e-69,68.37018827934027
SaProt,30,1347,873,1.1871033686129535,0.9563908041001459,1.241232520768413,2.8424223689585943e-71,70.54631138774604
SaProt,31,1347,873,1.1092868688023347,0.9468754594814873,1.1715235173692056,7.573519490526161e-67,66.12070225258631
SaProt,32,1347,873,0.9525175527589977,0.9774569519470101,0.9744854245106803,0.9999999617694496,1.6603317392787268e-08
ProtT5,0,1347,873,1.0027729194962545,0.9782520987323879,1.0250659526267722,0.0018680769232270946,2.7286052444628695
ProtT5,1,1347,873,1.0280467971838574,0.9680762980197304,1.0619481122374352,9.16482510027754e-16,15.03787581861329
ProtT5,2,1347,873,1.0879022636144535,0.9506876404479334,1.1443319733302402,7.394062900719956e-52,51.1311168592377
ProtT5,3,1347,873,1.1870790876630686,0.9049077858766467,1.3118232666249667,2.553014177942934e-74,73.59294677337229
ProtT5,4,1347,873,1.200467235880953,0.8846404988058381,1.3570113933303352,1.1640340185649327e-60,59.93403432736728
ProtT5,5,1347,873,1.230486543424588,0.8198314408119874,1.5009018710064042,3.807884830518354e-50,49.4193161953261
ProtT5,6,1347,873,1.256601981105146,0.7684267557909945,1.635291811008896,2.714661662427653e-49,48.56628429030976
ProtT5,7,1347,873,1.2606044224482071,0.7961385594200843,1.583398276006685,4.263224803870764e-11,10.370261765990811
ProtT5,8,1347,873,1.2853583829351594,0.611645143875961,2.1014772957893775,3.1027448902113275e-29,28.50825393093472
ProtT5,9,1347,873,1.5155618102265538,0.7116600292791343,2.129614911437024,1.0527391120667114e-23,22.977679241566495
ProtT5,10,1347,873,1.6795635313658512,0.7252305533058455,2.315902885930321,1.509032763302688e-63,62.82130133095529
ProtT5,11,1347,873,1.6224491236912557,0.7401714554015987,2.191990939195237,5.671443529506575e-104,103.24630638782507
ProtT5,12,1347,873,1.7688848336449179,0.7625492799254764,2.3196990413757788,3.692641583355908e-92,91.4326628439669
ProtT5,13,1347,873,1.8968461940442534,0.7106861357426725,2.669035033393517,7.614490503212181e-99,98.11835915063998
ProtT5,14,1347,873,1.8536511915386742,0.7256303126459679,2.554539355969633,2.104855413646187e-100,99.67677773128307
ProtT5,15,1347,873,1.8272363210308524,0.7468814378751513,2.4464877936038536,3.949435675752779e-97,96.4034649551116
ProtT5,16,1347,873,1.796766952133745,0.7517266992782536,2.3901864252777685,1.5891346175463406e-107,106.79883931161501
ProtT5,17,1347,873,1.7376669055900489,0.7375101805552584,2.356125991754839,3.920818337191111e-120,119.40662327934814
ProtT5,18,1347,873,1.588656675399633,0.8017648936410403,1.98144953464487,5.889773365676101e-131,130.22990141623666
ProtT5,19,1347,873,1.4091092720683096,0.77351932550214,1.8216859302817914,9.581782579398609e-132,131.01855368795907
ProtT5,20,1347,873,1.332773503145644,0.7601674984957071,1.7532629397903292,1.2517782664591236e-147,146.90247259299588
ProtT5,21,1347,873,1.3623786421289423,0.8115673576570185,1.6787006392939545,2.317203736131461e-117,116.63503577993995
ProtT5,22,1347,873,1.299014575408845,0.8241686501453832,1.5761514044239597,2.3224001188167217e-99,98.63406295495737
ProtT5,23,1347,873,1.3111399177630565,0.8559980130277548,1.531709066853341,4.539287175941579e-83,82.34301234094485
