vs,delta,p,q,sig
phactboost,0.0015454410154462916,0.6098998922280473,0.6098998922280473,False
metarnn,0.0023905833076425242,0.43775739447069595,0.4514373130479052,False
varity_r,0.00823083546833625,0.01915417793345648,0.02038993134851819,True
varity_er,0.013336239063646005,0.0005114582411715438,0.0005626040652886981,True
bayesdel_add_af,0.013983384183613667,0.00019798384981201928,0.00023333810870702272,True
clinpred,0.015458396674710606,0.00028778290692463846,0.00032747710098320927,True
gmvp,0.01553546939947048,0.0001329760924957566,0.00016400584988817503,True
vest4,0.015821170017115582,0.0001341866044539614,0.00016400584988817503,True
SaProt,0.017499495040768753,4.066647673626454e-05,5.367974929186919e-05,True
bayesdel_no_af,0.01963361221257176,1.539781827612207e-06,2.1172000129667846e-06,True
REVEL,0.030694877055715608,8.516134110746255e-10,1.2774201166119381e-09,True
ESM-2 650M,0.034258826155824984,1.6199383028338628e-11,2.672898199675874e-11,True
mvp,0.03837025736974686,3.383734141533311e-08,4.854922898721707e-08,True
deogen2,0.040978770450848856,3.8411363234923544e-11,6.036071365487986e-11,True
mutpred,0.04190762966821526,3.4681000042482077e-13,6.023542112641624e-13,True
primateai,0.048841517216452024,3.188435896700568e-13,5.845465810617709e-13,True
esm1b,0.053578832109028474,5.898858657210516e-17,1.1450725628702766e-16,True
m_cap,0.07166168794582561,1.47852043693207e-18,3.252744961250554e-18,True
CADD,0.08048651493084713,1.396135843320777e-17,2.879530176849102e-17,True
sift4g,0.08359998724313522,5.675425361098464e-20,1.3377788351160664e-19,True
provean,0.08482916431904908,6.232654618654648e-23,1.582135403196949e-22,True
metalr,0.09381478095400086,3.0601176571038684e-27,1.0098388268442765e-26,True
ESM-2 150M,0.10674971031286207,2.762951685473985e-32,1.139717570258019e-31,True
SIFT,0.10888249864458288,1.3184048789539712e-25,3.6256134171234207e-25,True
ESM-1v,0.11192952895276775,2.6292552974322883e-33,1.4460904135877585e-32,True
PolyPhen-2,0.11369688626191965,7.618516430287604e-29,2.7934560244387882e-28,True
mpc,0.12042879011768193,1.6801831529151052e-36,1.1089208809239693e-35,True
mutationassessor,0.1250544824433648,1.4498572829878082e-32,6.835041476942524e-32,True
EVE,0.15324316710429797,1.1874202678247895e-37,9.796217209554514e-37,True
mutformer,0.15373085141441734,1.0202413980007617e-41,1.122265537800838e-40,True
metasvm,0.15484707708335543,2.279203474367669e-26,6.837610423103007e-26,True
fathmm,0.16472833193362169,7.957736301925887e-44,1.3130264898177714e-42,True
list_s2,0.16922911329158996,1.2017110378840492e-49,3.965646425017362e-48,True
