method,family,plddt,n,auc
AlphaMissense,trained,30.14,474,0.8787118212669683
AlphaMissense,trained,54.94,463,0.9459097859327218
AlphaMissense,trained,87.12,472,0.9425437378505971
AlphaMissense,trained,93.155,454,0.971266453735966
AlphaMissense,trained,96.62000000000002,435,0.9555552034478387
AlphaMissense,trained,98.44,457,0.9742894056847546
SaProt,evol,30.14,475,0.5937885643767996
SaProt,evol,54.94,472,0.8629243097328203
SaProt,evol,87.12,472,0.8791446820327686
SaProt,evol,93.155,484,0.9331594958713603
SaProt,evol,96.62000000000002,467,0.9207923638663678
SaProt,evol,98.44,466,0.9591664557495992
REVEL,trained,30.14,391,0.7364736140217184
REVEL,trained,54.94,435,0.9066771175231471
REVEL,trained,87.12,423,0.8827392555462731
REVEL,trained,93.155,431,0.9362035121226591
REVEL,trained,96.62000000000002,415,0.9247720364741641
REVEL,trained,98.44,462,0.9489144316730524
ESM-2 650M,evol,30.14,475,0.7138351844234196
ESM-2 650M,evol,54.94,472,0.8328692584011733
ESM-2 650M,evol,87.12,472,0.8839951865222624
ESM-2 650M,evol,93.155,484,0.9166666666666666
ESM-2 650M,evol,96.62000000000002,467,0.8700477258352022
ESM-2 650M,evol,98.44,466,0.9373154475660169
CADD,trained,30.14,392,0.7727272727272727
CADD,trained,54.94,438,0.8622101449275361
CADD,trained,87.12,424,0.8223168143226284
CADD,trained,93.155,431,0.8885086742002228
CADD,trained,96.62000000000002,419,0.8399979227253843
CADD,trained,98.44,462,0.8677309493401447
SIFT,evol,30.14,391,0.8372070870642028
SIFT,evol,54.94,396,0.7952677715381454
SIFT,evol,87.12,409,0.8142046292201092
SIFT,evol,93.155,420,0.8909533502035428
SIFT,evol,96.62000000000002,408,0.8305226734656712
SIFT,evol,98.44,410,0.8501640112464857
PolyPhen-2,trained,30.14,391,0.7510001905124786
PolyPhen-2,trained,54.94,434,0.791785925779708
PolyPhen-2,trained,87.12,417,0.7471302691116932
PolyPhen-2,trained,93.155,431,0.8934558862539127
PolyPhen-2,trained,96.62000000000002,415,0.8442602671944581
PolyPhen-2,trained,98.44,462,0.8416347381864624
ESM-2 150M,evol,30.14,475,0.6831208007678596
ESM-2 150M,evol,54.94,472,0.7376453333900143
ESM-2 150M,evol,87.12,472,0.7762103119503843
ESM-2 150M,evol,93.155,484,0.8306605823554977
ESM-2 150M,evol,96.62000000000002,467,0.8277557357253751
ESM-2 150M,evol,98.44,466,0.8276385725132878
ESM-1v,evol,30.14,475,0.7284382284382285
ESM-1v,evol,54.94,472,0.8153336025676452
ESM-1v,evol,87.12,472,0.7873738776265851
ESM-1v,evol,93.155,484,0.8242720556279878
ESM-1v,evol,96.62000000000002,467,0.7976827094474153
ESM-1v,evol,98.44,466,0.7181304311144858
EVE,evol,30.14,307,0.5637931034482758
EVE,evol,54.94,319,0.830282826567012
EVE,evol,87.12,357,0.7697530065951117
EVE,evol,93.155,408,0.8724638978398378
EVE,evol,96.62000000000002,401,0.8172646604938272
EVE,evol,98.44,452,0.9022222222222223
