score,n,auc_max,auc_med,delta
metarnn,3685,0.9683955247877831,0.9680618663513579,0.0003336584364251882
revel,3685,0.932243441443387,0.9322090725593519,3.436888403507421e-05
vest4,3608,0.9529618449052308,0.9518419144463499,0.0011199304588809245
clinpred,3685,0.9635287138013048,0.9661599247601701,-0.0026312109588653154
provean,3614,0.8865915042281552,0.8870262531353853,-0.00043474890723005366
mutationassessor,2917,0.8473377569660487,0.8477340855268237,-0.00039632856077498335
sift,3560,0.8663301427477965,0.8667690389577596,-0.0004388962099630689
polyphen2_hdiv,2990,0.8559636785913145,0.8559356513712785,2.8027220036030975e-05
bayesdel_add_af,3685,0.9555114709469351,0.956979302556514,-0.0014678316095788624
