target_gene,n,protein_length,gene_type,alphamissense,saprot,revel,esm2_650m,cadd,sift,polyphen2,esm2_150m,esm1v,eve,shared10_pct
BRCA2,698,3418,Tumor suppressor,0.0,0.0,40.3,99.9,40.3,40.3,0.0,99.9,99.9,0.0,0.0
ATM,239,3056,Tumor suppressor,0.0,0.0,49.4,97.9,49.4,49.4,49.4,97.9,97.9,41.0,0.0
APC,95,2843,Tumor suppressor,0.0,0.0,46.3,93.7,45.3,46.3,45.3,93.7,93.7,37.9,0.0
NF1,472,2839,Tumor suppressor,0.0,17.2,48.7,99.4,49.2,48.7,48.1,99.4,99.4,44.1,0.0
BRCA1,583,1863,Tumor suppressor,100.0,100.0,74.6,100.0,74.6,74.6,74.4,100.0,100.0,71.5,71.5
TSC2,387,1807,Tumor suppressor,99.5,99.5,83.2,99.5,83.5,83.2,83.2,99.5,99.5,78.3,78.3
ALK,90,1620,Oncogene,100.0,100.0,82.2,100.0,82.2,82.2,82.2,100.0,100.0,0.0,0.0
MET,80,1390,Oncogene,100.0,100.0,98.8,100.0,98.8,98.8,98.8,100.0,100.0,90.0,90.0
ERBB2,31,1255,Oncogene,100.0,100.0,100.0,100.0,100.0,100.0,100.0,100.0,100.0,0.0,0.0
EGFR,60,1210,Oncogene,100.0,100.0,98.3,100.0,98.3,98.3,98.3,100.0,100.0,73.3,73.3
TSC1,99,1164,Tumor suppressor,100.0,100.0,97.0,100.0,100.0,97.0,97.0,100.0,100.0,92.9,92.9
RET,111,1114,Oncogene,100.0,100.0,97.3,100.0,98.2,97.3,97.3,100.0,100.0,91.0,91.0
KIT,52,976,Oncogene,100.0,100.0,100.0,100.0,100.0,100.0,100.0,100.0,100.0,96.2,96.2
RB1,86,928,Tumor suppressor,100.0,100.0,100.0,100.0,100.0,100.0,100.0,100.0,100.0,76.7,76.7
BRAF,114,766,Oncogene,100.0,100.0,99.1,100.0,99.1,36.8,99.1,100.0,100.0,86.8,28.1
TP63,93,680,Tumor suppressor,98.9,98.9,100.0,98.9,98.9,100.0,100.0,98.9,98.9,93.5,93.5
MYCN,22,464,Oncogene,100.0,100.0,100.0,100.0,100.0,100.0,100.0,100.0,100.0,95.5,95.5
WT1,72,449,Tumor suppressor,0.0,1.4,6.9,1.4,6.9,6.9,6.9,1.4,1.4,0.0,0.0
STK11,52,433,Tumor suppressor,100.0,100.0,96.2,100.0,98.1,96.2,96.2,100.0,100.0,82.7,82.7
PTEN,252,403,Tumor suppressor,97.6,97.6,96.8,97.6,96.8,96.8,96.8,97.6,97.6,94.8,94.8
TP53,374,393,Tumor suppressor,99.7,99.7,98.9,99.7,99.2,98.9,98.9,99.7,99.7,93.0,93.0
VHL,197,213,Tumor suppressor,98.0,98.0,98.0,98.0,98.0,71.6,98.0,98.0,98.0,90.4,66.5
HRAS,40,189,Oncogene,92.5,92.5,95.0,92.5,95.0,95.0,95.0,92.5,92.5,80.0,80.0
CDKN2A,52,156,Tumor suppressor,94.2,94.2,98.1,94.2,98.1,98.1,80.8,94.2,94.2,17.3,3.8
