method,auc,v_lo,v_hi,g_lo,g_hi,macro,v_w,g_w,ratio,macro_micro
AlphaMissense,0.9746859208259644,0.968865939626649,0.9794900563979496,0.9525090955677779,0.9783565737533776,0.9653715030923061,0.010624116771300596,0.025847478185599737,2.4329060704060304,-0.009314417733658265
SaProt,0.9472899235738288,0.9384562292299703,0.9567473362970323,0.8980115615453363,0.9538096183848144,0.9091012389439583,0.01829110706706205,0.05579805683947803,3.050556570190172,-0.03818868462987046
REVEL,0.9400165865524717,0.9299320053832374,0.9500019882137473,0.9108864406460707,0.9561068695335277,0.9459148740175245,0.02006998283050987,0.04522042888745703,2.2531373977417712,0.005898287465052832
ESM-2 650M,0.9314419313014807,0.9201715134388636,0.9419570643370369,0.865439194469136,0.9343964609694966,0.8952477611640093,0.021785550898173245,0.0689572665003606,3.165275315858218,-0.03619417013747139
CADD,0.8849441684796265,0.8688229108672464,0.8997742304629118,0.8540145543339193,0.9207342182224673,0.9132682414117674,0.03095131959566544,0.066719663888548,2.155632288385265,0.028324072932140898
SIFT,0.865359424668293,0.847920381660856,0.8804911362498359,0.8342046523727118,0.9236981127327382,0.9137259757585969,0.032570754588979844,0.08949346036002637,2.747663094987245,0.048366551090303966
PolyPhen-2,0.8476435343497374,0.8291167579518997,0.8658022489879693,0.8075774472240618,0.917064331855724,0.8825365496810667,0.03668549103606966,0.10948688463166223,2.9844737398775245,0.03489301533132927
ESM-2 150M,0.8467463700196154,0.8296324232082132,0.8617240908960256,0.7111045709638234,0.8669163268148847,0.7908885508441308,0.032091667687812464,0.15581175585106133,4.85520906444617,-0.0558578191754846
ESM-1v,0.8376027463356235,0.820414074469489,0.8532913697019867,0.6218102033548464,0.9033973289357045,0.8052471664611046,0.032877295232497716,0.2815871255808581,8.564789882791878,-0.03235557987451887
EVE,0.8355069742822445,0.8160540057931869,0.8522033350319852,0.8184008870112783,0.9189125059917794,0.9286831627692609,0.03614932923879832,0.1005116189805011,2.7804559890041904,0.09317618848701636
