method,family,bin,plddt,n,auc
AlphaMissense,trained,0,30.14,467,0.8798831015093223
AlphaMissense,trained,1,53.0,448,0.9439042089985488
AlphaMissense,trained,2,86.81,469,0.9392220120888493
AlphaMissense,trained,3,92.91,462,0.9746212034645885
AlphaMissense,trained,4,96.5,441,0.952454673135853
AlphaMissense,trained,5,98.43999999999998,468,0.97493910090795
SaProt,evolutionary,0,30.14,468,0.580848623853211
SaProt,evolutionary,1,53.0,458,0.8674534415717307
SaProt,evolutionary,2,86.81,469,0.8695071754366448
SaProt,evolutionary,3,92.91,489,0.9400713337757134
SaProt,evolutionary,4,96.5,474,0.9144386574074074
SaProt,evolutionary,5,98.43999999999998,479,0.9639976958525346
REVEL,trained,0,30.14,384,0.733196227929374
REVEL,trained,1,53.0,427,0.8819657689403474
REVEL,trained,2,86.81,423,0.8831967213114754
REVEL,trained,3,92.91,436,0.9436842239380271
REVEL,trained,4,96.5,421,0.9200114065730378
REVEL,trained,5,98.43999999999998,474,0.9388334668317192
ESM-2 650M,evolutionary,0,30.14,482,0.693696822364994
ESM-2 650M,evolutionary,1,53.0,481,0.8297482376636456
ESM-2 650M,evolutionary,2,86.81,483,0.8795566502463055
ESM-2 650M,evolutionary,3,92.91,490,0.9257246376811594
ESM-2 650M,evolutionary,4,96.5,474,0.8606770833333334
ESM-2 650M,evolutionary,5,98.43999999999998,479,0.9423243087557603
CADD,trained,0,30.14,385,0.7759603841536614
CADD,trained,1,53.0,430,0.855457117331745
CADD,trained,2,86.81,424,0.8248406193078325
CADD,trained,3,92.91,436,0.8937517519047983
CADD,trained,4,96.5,425,0.8417120513894707
CADD,trained,5,98.43999999999998,474,0.8583703487948736
SIFT,evolutionary,0,30.14,384,0.83401886035313
SIFT,evolutionary,1,53.0,388,0.7844651653764956
SIFT,evolutionary,2,86.81,409,0.8130070439640515
SIFT,evolutionary,3,92.91,425,0.9008349627437511
SIFT,evolutionary,4,96.5,414,0.8253563032618277
SIFT,evolutionary,5,98.43999999999998,422,0.8352758352758353
PolyPhen-2,trained,0,30.14,384,0.7574237560192617
PolyPhen-2,trained,1,53.0,423,0.7771454498314753
PolyPhen-2,trained,2,86.81,417,0.7549598044285647
PolyPhen-2,trained,3,92.91,436,0.8930382488596692
PolyPhen-2,trained,4,96.5,421,0.8407357239609325
PolyPhen-2,trained,5,98.43999999999998,474,0.8287337071288138
ESM-2 150M,evolutionary,0,30.14,482,0.667997916304914
ESM-2 150M,evolutionary,1,53.0,481,0.7374823766364553
ESM-2 150M,evolutionary,2,86.81,483,0.7799964813511613
ESM-2 150M,evolutionary,3,92.91,490,0.8314599802371541
ESM-2 150M,evolutionary,4,96.5,474,0.8254340277777777
ESM-2 150M,evolutionary,5,98.43999999999998,479,0.8297811059907836
ESM-1v,evolutionary,0,30.14,482,0.7064305145569254
ESM-1v,evolutionary,1,53.0,481,0.8141993957703927
ESM-1v,evolutionary,2,86.81,483,0.7959887403237158
ESM-1v,evolutionary,3,92.91,490,0.8224020092226614
ESM-1v,evolutionary,4,96.5,474,0.7960358796296296
ESM-1v,evolutionary,5,98.43999999999998,479,0.7250864055299538
EVE,evolutionary,0,30.14,301,0.5620339685169843
EVE,evolutionary,1,53.0,312,0.8193555506510704
EVE,evolutionary,2,86.81,352,0.7656459800229245
EVE,evolutionary,3,92.91,413,0.8771186440677966
EVE,evolutionary,4,96.5,404,0.8294596507786692
EVE,evolutionary,5,98.43999999999998,464,0.8543544662147061
