gene,n_path,n_benign,matched,pct,cons_sd,band
APC,6,41,3,50.0,2.597303026251608,0.649325756562902
ATM,93,140,93,100.0,3.362375490090644,0.840593872522661
BRAF,101,12,22,21.782178217821784,2.6097063826724,0.6524265956681
BRCA1,70,253,70,100.0,1.9114500851332932,0.4778625212833233
BRCA2,110,583,110,100.0,3.084955167102673,0.7712387917756682
CDKN2A,29,13,7,24.137931034482758,3.873258116457192,0.968314529114298
HRAS,28,7,4,14.285714285714286,2.4532558294450015,0.6133139573612504
MET,12,50,12,100.0,3.3459349650467773,0.8364837412616943
MYCN,12,10,6,50.0,3.317072068590779,0.8292680171476947
NF1,408,53,405,99.26470588235294,2.112192530191957,0.5280481325479892
PTEN,237,7,81,34.177215189873415,1.7468305520529208,0.4367076380132302
RB1,41,45,40,97.5609756097561,2.9916020668763736,0.7479005167190934
RET,64,44,53,82.8125,3.2628952532550124,0.8157238133137531
STK11,36,10,18,50.0,3.22021191976748,0.80505297994187
TP53,212,107,165,77.83018867924528,3.7637987631609056,0.9409496907902264
TP63,80,11,72,90.0,2.648350510805363,0.6620876277013408
TSC1,20,76,20,100.0,3.318880398568168,0.829720099642042
TSC2,182,201,182,100.0,3.227708559486293,0.8069271398715733
VHL,168,25,139,82.73809523809524,2.2548735490617213,0.5637183872654303
