target_gene,gene_type,Pathogenic,Benign,Total
BRCA2,Tumor suppressor,113,585,698
BRCA1,Tumor suppressor,212,371,583
NF1,Tumor suppressor,415,57,472
TSC2,Tumor suppressor,184,203,387
TP53,Tumor suppressor,229,145,374
PTEN,Tumor suppressor,242,10,252
ATM,Tumor suppressor,98,141,239
VHL,Tumor suppressor,172,25,197
BRAF,Oncogene,102,12,114
RET,Oncogene,66,45,111
TSC1,Tumor suppressor,21,78,99
APC,Tumor suppressor,23,72,95
TP63,Tumor suppressor,82,11,93
ALK,Oncogene,16,74,90
RB1,Tumor suppressor,41,45,86
MET,Oncogene,12,68,80
WT1,Tumor suppressor,51,21,72
EGFR,Oncogene,17,43,60
STK11,Tumor suppressor,41,11,52
KIT,Oncogene,30,22,52
CDKN2A,Tumor suppressor,37,15,52
HRAS,Oncogene,30,10,40
ERBB2,Oncogene,12,19,31
MYCN,Oncogene,12,10,22
