target_gene,AlphaMissense,SaProt,REVEL,ESM-2 650M,CADD,SIFT,PolyPhen-2,ESM-2 150M,ESM-1v,EVE,n,len,shared10
BRCA2,0.0,0.0,40.3,100.0,40.3,40.3,0.0,100.0,100.0,0.0,697,3418,0.0
ATM,0.0,0.0,50.4,100.0,50.4,50.4,50.4,100.0,100.0,41.9,234,3056,0.0
APC,0.0,0.0,48.3,100.0,48.3,48.3,48.3,100.0,100.0,40.4,89,2843,0.0
NF1,0.0,17.3,49.0,100.0,49.5,49.0,48.4,100.0,100.0,44.3,469,2839,0.0
BRCA1,100.0,100.0,74.6,100.0,74.6,74.6,74.4,100.0,100.0,71.5,583,1863,71.5
TSC2,100.0,100.0,83.6,100.0,83.9,83.6,83.6,100.0,100.0,78.7,385,1807,78.7
ALK,100.0,100.0,82.2,100.0,82.2,82.2,82.2,100.0,100.0,0.0,90,1620,0.0
MET,100.0,100.0,98.8,100.0,98.8,98.8,98.8,100.0,100.0,90.0,80,1390,90.0
ERBB2,100.0,100.0,100.0,100.0,100.0,100.0,100.0,100.0,100.0,0.0,31,1255,0.0
EGFR,100.0,100.0,98.3,100.0,98.3,98.3,98.3,100.0,100.0,73.3,60,1210,73.3
TSC1,100.0,100.0,97.0,100.0,100.0,97.0,97.0,100.0,100.0,92.9,99,1164,92.9
RET,100.0,100.0,97.3,100.0,98.2,97.3,97.3,100.0,100.0,91.0,111,1114,91.0
KIT,100.0,100.0,100.0,100.0,100.0,100.0,100.0,100.0,100.0,96.2,52,976,96.2
RB1,100.0,100.0,100.0,100.0,100.0,100.0,100.0,100.0,100.0,76.7,86,928,76.7
BRAF,100.0,100.0,99.1,100.0,99.1,36.8,99.1,100.0,100.0,86.8,114,766,28.1
TP63,100.0,100.0,100.0,100.0,100.0,100.0,100.0,100.0,100.0,94.6,92,680,94.6
MYCN,100.0,100.0,100.0,100.0,100.0,100.0,100.0,100.0,100.0,95.5,22,464,95.5
WT1,0.0,1.4,6.9,100.0,6.9,6.9,6.9,100.0,100.0,0.0,72,449,0.0
STK11,100.0,100.0,96.2,100.0,98.1,96.2,96.2,100.0,100.0,82.7,52,433,82.7
PTEN,100.0,100.0,99.2,100.0,99.2,99.2,99.2,100.0,100.0,97.2,246,403,97.2
TP53,100.0,100.0,99.2,100.0,99.5,99.2,99.2,100.0,100.0,93.3,373,393,93.3
VHL,100.0,100.0,100.0,100.0,100.0,73.1,100.0,100.0,100.0,92.2,193,213,67.9
HRAS,100.0,100.0,94.6,100.0,94.6,94.6,94.6,100.0,100.0,86.5,37,189,86.5
CDKN2A,100.0,100.0,98.0,100.0,98.0,98.0,85.7,100.0,100.0,14.3,49,156,4.1
