predictor,n,coverage,auc,direction
phactboost,2980,69.0,0.9735426217561413,+
alphamissense,3655,84.7,0.969702514323118,+
metarnn,3685,85.4,0.967361065630113,+
clinpred,3680,85.3,0.9652244605555012,+
varity_r,2980,69.0,0.9632994266291593,+
varity_er,2980,69.0,0.9613180246498247,+
gmvp,3672,85.1,0.9582460033149762,+
bayesdel_add_af,3684,85.4,0.9564500137694983,+
vest4,3605,83.5,0.9512286211302513,+
bayesdel_no_af,3684,85.4,0.9387458038450107,+
revel,3679,85.2,0.9315928238200594,+
primateai,3636,84.2,0.9304100167074358,+
m_cap,3588,83.1,0.9181503183409766,+
esm1b,2981,69.1,0.9149801031050803,+
deogen2,2989,69.3,0.914296116822491,+
mpc,3220,74.6,0.9030523993415271,+
mutpred,3288,76.2,0.9013597032439921,+
mvp,3652,84.6,0.8972307387101428,+
sift4g,3604,83.5,0.8924087013818744,+
phylop_100way_vertebrate,3685,85.4,0.8870316907661873,+
provean,3609,83.6,0.886513094229421,+
sift,3555,82.4,0.8665176381217655,+
polyphen2_hdiv,2982,69.1,0.8563793463543072,+
phylop_470way_mammalian,3642,84.4,0.8562352333749503,+
eve,2632,61.0,0.8529938970667107,+
mutationassessor,2914,67.5,0.8470477569945641,+
metalr,3680,85.3,0.8395683734126351,+
metasvm,3680,85.3,0.838046709707265,+
mutformer,3670,85.0,0.8340077311923878,+
siphy_29way_logodds,3676,85.2,0.8274138852597961,+
list_s2,2957,68.5,0.8118666136500599,+
phastcons_100way_vertebrate,3685,85.4,0.80513683536036,+
gerp_91_mammals,2600,60.2,0.7978149062154931,+
phastcons_470way_mammalian,3684,85.4,0.7736436545466352,+
fathmm,3613,83.7,0.7534489185459303,+
phylop_17way_primate,3685,85.4,0.6587509078990611,+
