excluded_gene,n_remaining,top1,top2,top3,best_unsupervised,auc_AlphaMissense,auc_SaProt,auc_REVEL,auc_ESM-2 650M,auc_CADD,auc_SIFT,auc_PolyPhen-2,auc_ESM-2 150M,auc_ESM-1v,auc_EVE
BRAF,2048,AlphaMissense,SaProt,REVEL,SaProt,0.9741,0.9479,0.9402,0.93,0.8848,0.8678,0.8505,0.8449,0.8338,0.8398
BRCA1,1663,AlphaMissense,REVEL,SaProt,SaProt,0.9762,0.9433,0.9483,0.9267,0.8835,0.8972,0.8483,0.8355,0.8253,0.8653
CDKN2A,2078,AlphaMissense,SaProt,REVEL,SaProt,0.9747,0.9473,0.9399,0.9315,0.885,0.8652,0.8475,0.847,0.8377,0.8354
EGFR,2036,AlphaMissense,SaProt,REVEL,SaProt,0.9744,0.9482,0.9388,0.9331,0.8821,0.8625,0.8426,0.8458,0.8354,0.8305
HRAS,2048,AlphaMissense,SaProt,REVEL,SaProt,0.9743,0.9476,0.9399,0.9304,0.8864,0.8671,0.8507,0.8439,0.8349,0.8358
KIT,2030,AlphaMissense,SaProt,REVEL,SaProt,0.9738,0.9463,0.9386,0.9349,0.881,0.8611,0.8427,0.8482,0.8352,0.8293
MET,2008,AlphaMissense,SaProt,REVEL,SaProt,0.9743,0.9501,0.9379,0.9338,0.8805,0.8613,0.8442,0.8482,0.8381,0.8297
MYCN,2059,AlphaMissense,SaProt,REVEL,SaProt,0.9748,0.9472,0.9398,0.9311,0.8835,0.8637,0.846,0.8465,0.8372,0.8338
PTEN,1841,AlphaMissense,SaProt,REVEL,SaProt,0.9701,0.9381,0.9319,0.9171,0.8847,0.8648,0.8563,0.8159,0.8017,0.8456
RB1,2014,AlphaMissense,SaProt,REVEL,SaProt,0.9755,0.9497,0.94,0.9326,0.8847,0.8627,0.8448,0.8479,0.8374,0.8319
RET,1979,AlphaMissense,SaProt,REVEL,SaProt,0.9763,0.9482,0.9386,0.9373,0.8836,0.8606,0.8409,0.8576,0.8518,0.8295
STK11,2037,AlphaMissense,SaProt,REVEL,SaProt,0.9744,0.9456,0.9388,0.93,0.8839,0.8634,0.8448,0.8419,0.8341,0.8345
TP53,1732,AlphaMissense,SaProt,REVEL,SaProt,0.9737,0.9452,0.9437,0.936,0.8872,0.8664,0.8415,0.8459,0.8198,0.8161
TP63,1993,AlphaMissense,SaProt,REVEL,SaProt,0.9736,0.9467,0.9402,0.9316,0.885,0.863,0.8474,0.8442,0.8298,0.8451
TSC1,1988,AlphaMissense,SaProt,REVEL,SaProt,0.9741,0.9454,0.9384,0.93,0.8872,0.8595,0.8454,0.8444,0.8334,0.8322
TSC2,1777,AlphaMissense,SaProt,REVEL,SaProt,0.9796,0.9568,0.9466,0.9376,0.8993,0.8647,0.871,0.8718,0.8718,0.8366
VHL,1949,AlphaMissense,SaProt,REVEL,SaProt,0.975,0.9472,0.9399,0.9289,0.8828,0.8723,0.8487,0.861,0.8767,0.8472
