method,n_unique_scores,ties,sens_at_95spec,sens_at_95spec_exact,sens_at_90spec
AlphaMissense,1262,few,0.8907905460472698,0.8907905460472698,0.9380603096984516
SaProt,2080,few,0.8288508557457213,0.8288508557457213,0.8875305623471883
REVEL,778,some,0.7497555012224939,0.7481662591687042,0.8665851670741647
ESM-2 650M,2080,few,0.7734311328443357,0.7734311328443357,0.8516707416462918
CADD,533,some,0.337214751426243,0.33496332518337407,0.5880195599022005
SIFT,358,some,0.3110536434497317,0.0,0.5940036674816624
PolyPhen-2,370,some,0.2652704499635399,0.0,0.5305408999270792
ESM-2 150M,2080,few,0.6210268948655256,0.6210268948655256,0.6862265688671557
ESM-1v,2080,few,0.6471067644661777,0.6471067644661777,0.6943765281173594
EVE,2028,few,0.3341483292583537,0.3341483292583537,0.4384678076609617
