method,n,genes
gerppp_rs,0,0
gerp_91_mammals,78,14
mpc,103,15
mutationassessor,109,15
primateai,111,16
alphamissense,117,16
eve,131,12
provean,132,16
sift,132,16
sift4g,143,16
vest4,151,16
fathmm,152,16
mutpred,170,16
gmvp,174,16
varity_r,175,16
varity_er,175,16
phactboost,175,16
esm1b,178,16
revel,178,16
mutformer,180,16
metalr,181,16
clinpred,181,16
metasvm,181,16
polyphen2_hdiv,183,16
SIFT,190,18
EVE,197,13
deogen2,198,16
m_cap,200,16
mvp,201,16
bayesdel_add_af,201,16
bayesdel_no_af,201,16
phylop_470way_mammalian,204,15
siphy_29way_logodds,206,16
metarnn,206,16
phylop_100way_vertebrate,206,16
phastcons_470way_mammalian,206,16
phastcons_100way_vertebrate,206,16
list_s2,206,16
phylop_17way_primate,206,16
AlphaMissense,221,17
REVEL,239,18
SaProt,247,18
ESM-2 650M,247,18
ESM-1v,247,18
