method,family,drop,lo,hi,p,bh_q,sig
AlphaMissense,trained,0.024787007615059652,0.013533637812198972,0.0358299210701846,0.00125,0.002125,True
SaProt,evolutionary,0.12447420373782578,0.10810945314556444,0.1393713806264806,0.00125,0.002125,True
ESM-2 650M,evolutionary,0.1278080580415899,0.11081822519083967,0.14451706041063445,0.00125,0.002125,True
ESM-2 150M,evolutionary,0.05716424141221374,0.031412871808370574,0.08112825743616736,0.00125,0.002125,True
ESM-1v,evolutionary,-0.048571026092392715,-0.07214151750460651,-0.025972706633324565,0.00125,0.002125,True
REVEL,trained,0.036733483459509435,0.017116316765554977,0.055375536680441546,0.00125,0.002125,True
CADD,trained,0.023799340180198865,-0.002307466260097035,0.052071916991515955,0.0875,0.1144230769230769,False
SIFT,evolutionary,0.022877839259427102,-0.0002175487330958901,0.04638304655145157,0.055,0.0748,False
PolyPhen-2,trained,0.10843404915365447,0.07849279148051477,0.14006794565268527,0.00125,0.002125,True
EVE,evolutionary,0.08062023842124262,0.048771406960611274,0.11136922511266756,0.00125,0.002125,True
bayesdel_add_af,trained,0.008163705082222758,-0.006480854914904593,0.021270496488934854,0.2275,0.2495161290322581,False
bayesdel_no_af,trained,0.01955292569021606,-0.0002844335305333369,0.03741831255455888,0.0525,0.074375,False
clinpred,trained,-0.019765833871591282,-0.03195506852392676,-0.007714460078172412,0.0025,0.004047619047619048,True
deogen2,trained,0.06402086976448762,0.043050669901499306,0.08604118788485607,0.00125,0.002125,True
esm1b,evolutionary,0.06940538758664426,0.04416869213953114,0.09745421738687236,0.00125,0.002125,True
fathmm,evolutionary,0.013309410276821499,-0.018142070693310544,0.04341520097242971,0.405,0.405,False
gmvp,trained,0.026439896088593207,0.013968241550817204,0.037793807598496966,0.00125,0.002125,True
list_s2,trained,-0.031012688138697665,-0.06933931221580997,0.00711910514279419,0.1075,0.13053571428571428,False
m_cap,trained,0.09027281664875918,0.06532686386018942,0.11558021792158772,0.00125,0.002125,True
metalr,trained,0.0770003510093075,0.045142226608540774,0.10787095503875511,0.00125,0.002125,True
metarnn,trained,-0.010180193075827905,-0.023659307514504794,0.003573425239434345,0.16,0.18133333333333335,False
metasvm,trained,0.025097125099372865,-0.005871589882224601,0.05507363170415833,0.115,0.13482758620689655,False
mpc,trained,-0.034253053236436674,-0.060444529588341234,-0.009443676440824663,0.0125,0.01931818181818182,True
mutationassessor,evolutionary,0.23930279474925464,0.20277521244007649,0.27612557303964,0.00125,0.002125,True
mutformer,trained,-0.04794692001060036,-0.07442572585350642,-0.01990988727636583,0.00125,0.002125,True
mutpred,trained,-0.05547474065594863,-0.07999185740620587,-0.03160598963518692,0.00125,0.002125,True
mvp,trained,0.01208978749684666,-0.010481308547248986,0.03443335890176292,0.2875,0.30546874999999996,False
phactboost,trained,0.005826220577830106,-0.0013796269287110112,0.012089952189628427,0.1075,0.13053571428571428,False
primateai,trained,-0.01850459111775455,-0.03480875110737534,-0.0030602691825344537,0.0225,0.03326086956521739,True
provean,evolutionary,0.16262179024815837,0.13132804912378085,0.19129369410587188,0.00125,0.002125,True
sift4g,evolutionary,-0.011984275549818037,-0.03591253890497798,0.01135601609723483,0.345,0.3554545454545454,False
varity_er,trained,-0.049671507087072596,-0.06466216862274593,-0.03524301705751214,0.00125,0.002125,True
varity_r,trained,-0.05142482743801939,-0.06770152085983076,-0.03553339237604775,0.00125,0.002125,True
vest4,trained,0.05276425603212722,0.03484530921324709,0.06908237732633422,0.00125,0.002125,True
