view,comparison,delta_auc,delong_p,delong_sig_bonf,gene_lo,gene_hi,gene_crosses_zero
V2_shared10,AlphaMissense - SaProt,0.027395997252135817,5.1447932940103945e-11,True,0.015217737103687392,0.0488871427547793,False
V2_shared10,SaProt - REVEL,0.007273337021356907,0.19405751054135578,False,-0.02692423574016474,0.02590545235284372,True
V2_shared10,SaProt - ESM-2 650M,0.01584799227234801,0.0014364246033138563,False,-0.004721118129788432,0.03627989513943407,True
V2_shared10,REVEL - ESM-2 650M,0.008574655250991103,0.17304010495353916,False,-0.018591484063756776,0.048658476176035595,True
V2_shared10,ESM-2 650M - ESM-2 150M,0.0846955612818654,1.413832872660727e-31,True,0.03448009163308682,0.14477061976642805,False
V2_shared10,AlphaMissense - REVEL,0.034669334273492725,3.893482034457726e-15,True,0.011651863884769987,0.0479490357601114,False
V3_esm_all_genes,ESM-2 650M - ESM-2 150M,0.09910198183319552,1.3947824279771483e-67,True,0.045070884548186335,0.14611702565295567,False
V3_esm_all_genes,ESM-2 650M - ESM-1v,0.1378028875928985,1.9051153908193965e-83,True,0.03763555506383549,0.22418833610763225,False
V3_esm_all_genes,ESM-2 150M - ESM-1v,0.038700905759702975,2.5778668515713185e-11,True,-0.016076356218760884,0.08580477314518412,True
