method,low,mid,high,high_minus_low,family
AlphaMissense,0.9333706261332511,0.9582133660057919,0.9633463541666666,0.029975728033415527,trained
CADD,0.8477787959065176,0.8554876444312407,0.8481954631379962,0.00041666723147859575,trained
ESM-1v,0.7894440245233896,0.8131321540062436,0.7594863738815656,-0.029957650641823985,evol
ESM-2 150M,0.7254085831863609,0.8109383734230012,0.8140970562120073,0.08868847302564642,evol
ESM-2 650M,0.8105526161081715,0.9071057180450804,0.8805416296701045,0.06998901356193299,evol
EVE,0.7663636363636364,0.8228652605026231,0.8093754734449964,0.04301183708136003,evol
PolyPhen-2,0.7734929207978086,0.8201561676968556,0.8340308556478917,0.060537934850083075,trained
REVEL,0.8501578512396694,0.916892034046734,0.9316551246537397,0.08149727341407031,trained
SIFT,0.7963414902998235,0.8591358825665343,0.8201382458847736,0.02379675558495009,evol
SaProt,0.8217126501172929,0.909647061894693,0.9315050201488969,0.10979237003160403,evol
