method,auc_ONC,n_ONC,auc_TSG,n_TSG,diff_TSG_minus_ONC
AlphaMissense,0.9818388564002599,352,0.9735935369616517,1728,-0.008245319438608179
SaProt,0.9224496426250812,352,0.9526129447769713,1728,0.030163302151890115
REVEL,0.9878005198180636,352,0.9332504846022773,1728,-0.054550035215786274
ESM-2 650M,0.8708576998050681,352,0.9432474562741515,1728,0.07238975646908341
CADD,0.9542722547108512,352,0.8698705075729137,1728,-0.08440174713793747
SIFT,0.9365009746588694,352,0.8497684096532495,1728,-0.08673256500561988
PolyPhen-2,0.9342105263157895,352,0.8292860262892374,1728,-0.10492450002655207
ESM-2 150M,0.7986029889538662,352,0.8555864280660427,1728,0.056983439112176515
ESM-1v,0.8239441195581546,352,0.8407978597953856,1728,0.016853740237230963
EVE,0.938157894736842,352,0.811712652131622,1728,-0.12644524260521994
