method,family,retro,prospective,drop,n_pro
AlphaMissense,supervised,0.9731849033319622,0.9707685422261079,0.0024163611058543033,880
SaProt,unsupervised,0.9471227546762542,0.9204534477095772,0.02666930696667702,912
ESM-2 650M,unsupervised,0.9231929145106504,0.9019288150042626,0.021264099506387857,1634
ESM-2 150M,unsupervised,0.8175409397434095,0.8107767019851418,0.006764237758267622,1634
ESM-1v,unsupervised,0.7828787748234751,0.7653939836804288,0.017484791143046352,1634
REVEL,supervised,0.9203846564044225,0.9322270905192505,-0.011842434114827993,1158
CADD,supervised,0.8688244997011936,0.9024755852362487,-0.033651085535055136,1161
SIFT,unsupervised,0.8387433069179695,0.8828329809725157,-0.044089674054546224,1098
PolyPhen-2,supervised,0.8465574360374222,0.8649677940320368,-0.018410357994614657,1032
EVE,unsupervised,0.8193504117108875,0.8532701765170809,-0.03391976480619341,858
bayesdel_add_af,supervised,0.9597875221977713,0.9498181426714957,0.009969379526275635,1451
bayesdel_no_af,supervised,0.9333294941603728,0.9449420209616524,-0.011612526801279555,1451
clinpred,supervised,0.9730193042346728,0.9550162633509424,0.018003040883730392,1451
deogen2,supervised,0.9107928138885913,0.9193646213367397,-0.008571807448148339,1148
esm1b,unsupervised,0.9131444746132961,0.9150609891055752,-0.0019165144922791422,1146
fathmm,unsupervised,0.7608169763754797,0.7345309874468716,0.026285988928608117,1408
gmvp,supervised,0.9674122842350836,0.9477638204558991,0.0196484637791845,1447
list_s2,supervised,0.7786518470088264,0.8558879436312752,-0.07723609662244879,1142
m_cap,supervised,0.9144093693706704,0.9216078433642646,-0.00719847399359419,1448
metalr,supervised,0.839496982023249,0.8372146224057456,0.002282359617503338,1451
metarnn,supervised,0.9719651417046676,0.9587754811721917,0.013189660532475944,1451
metasvm,supervised,0.8370009849601017,0.8405259252424123,-0.0035249402823106513,1451
mpc,supervised,0.8861243227272625,0.9379718174153919,-0.051847494688129436,1297
mutationassessor,supervised,0.8310949158424433,0.8661949231411059,-0.03510000729866258,1121
mutformer,supervised,0.8357751575516775,0.8236682101561866,0.012106947395490897,1449
mutpred,supervised,0.9138421275809769,0.8716203345437228,0.04222179303725415,1427
mvp,supervised,0.9094468936860243,0.8753700585173052,0.034076835168719066,1451
phactboost,supervised,0.9755196435118594,0.9718322218322217,0.003687421679637648,1145
primateai,supervised,0.9251302602184329,0.9444492623653584,-0.0193190021469255,1434
provean,unsupervised,0.8733124217491649,0.9014499110408223,-0.02813748929165738,1408
sift4g,unsupervised,0.8841258698443611,0.8996507048092868,-0.015524834964925627,1404
varity_er,supervised,0.9630403792557951,0.9589360378834062,0.004104341372388909,1145
varity_r,supervised,0.9690527835252432,0.953538637749164,0.015514145776079125,1145
vest4,supervised,0.9492829835126433,0.9518776302675285,-0.002594646754885188,1404
