strat,stratum,method,n,auc
burial,buried,AlphaMissense,1423,0.9611514991392095
burial,buried,SaProt,1423,0.9305739116504465
burial,buried,ESM-2 650M,1423,0.8967119227842525
burial,buried,ESM-2 150M,1423,0.8376106371901157
burial,buried,ESM-1v,1423,0.8219992791060915
burial,buried,REVEL,1423,0.924174081787202
burial,buried,CADD,1423,0.8381612001972155
burial,buried,EVE,1423,0.8046597782987468
burial,intermediate,AlphaMissense,500,0.9419965576592083
burial,intermediate,SaProt,500,0.8837112544206365
burial,intermediate,ESM-2 650M,500,0.8908642844569619
burial,intermediate,ESM-2 150M,500,0.7647341217135268
burial,intermediate,ESM-1v,500,0.7911539261653677
burial,intermediate,REVEL,500,0.8959097859327217
burial,intermediate,CADD,500,0.8457530457189413
burial,intermediate,EVE,500,0.7731843188017199
burial,exposed,AlphaMissense,914,0.9187053242747039
burial,exposed,SaProt,914,0.8134491380444795
burial,exposed,ESM-2 650M,914,0.8305654252752556
burial,exposed,ESM-2 150M,914,0.7366144668158091
burial,exposed,ESM-1v,914,0.783260955388867
burial,exposed,REVEL,914,0.858728214996392
burial,exposed,CADD,914,0.8261517865888831
burial,exposed,EVE,914,0.7308111683111682
order,disordered,AlphaMissense,812,0.9203933299044422
order,disordered,SaProt,812,0.7669642857142858
order,disordered,ESM-2 650M,812,0.7717984693877551
order,disordered,ESM-2 150M,812,0.7160076530612245
order,disordered,ESM-1v,812,0.8155612244897961
order,disordered,REVEL,812,0.8248659463785515
order,disordered,CADD,812,0.8195005363791253
order,disordered,EVE,812,0.718190980095742
order,flexible,AlphaMissense,583,0.9408858725628911
order,flexible,SaProt,583,0.8751608751608752
order,flexible,ESM-2 650M,583,0.876018876018876
order,flexible,ESM-2 150M,583,0.7798036131369463
order,flexible,ESM-1v,583,0.7966418799752133
order,flexible,REVEL,583,0.8932946533490013
order,flexible,CADD,583,0.8408652158652159
order,flexible,EVE,583,0.7819887429643527
order,ordered,AlphaMissense,1442,0.970028707389678
order,ordered,SaProt,1442,0.9409896815420071
order,ordered,ESM-2 650M,1442,0.9069800178085062
order,ordered,ESM-2 150M,1442,0.8314215378168867
order,ordered,ESM-1v,1442,0.7937585114183952
order,ordered,REVEL,1442,0.939923483954471
order,ordered,CADD,1442,0.8716513046963017
order,ordered,EVE,1442,0.8423772663818974
