gene,n_ord,n_dis,alphamissense,saprot,esm2_650m,esm2_150m,esm1v,revel,cadd,mean_drop,eve
ALK,9,54,-0.1499999999999999,-0.13,-0.33999999999999997,-0.29500000000000004,0.025000000000000133,-0.10897435897435892,-0.4358974358974359,-0.20498168498168495,
BRCA1,203,298,0.22759309247899473,0.2985572671698984,0.2618919693737055,0.2667592372289679,0.2366563685630817,0.14742889470377618,0.09627898040220317,0.2264829959896966,0.2766981579969453
EGFR,25,20,0.0,-0.019841269841269882,-0.023809523809523836,-0.0357142857142857,0.0,0.0,0.0,-0.011904761904761918,-0.015873015873015928
KIT,24,16,0.0,0.054545454545454564,0.4363636363636364,0.36691919191919176,0.054545454545454564,0.0,0.0,0.11404671717171716,0.0
MET,31,14,-0.033333333333333326,0.05999999999999994,-0.3030303030303031,-0.27575757575757576,-0.21878787878787886,0.046666666666666634,0.046666666666666634,-0.0809443817052513,0.03002070393374745
MYCN,12,10,0.0,0.1875,0.0,0.3125,0.0,0.0,0.0,0.0625,0.0
NF1,71,8,,0.028787878787878696,0.15303030303030296,-0.15454545454545454,-0.11969696969696975,-0.0357142857142857,0.33333333333333337,0.034199134199134174,
PTEN,211,13,0.125,0.050000000000000044,0.125,0.16303827751196176,0.12499999999999989,0.08090659340659345,0.29265109890109886,0.133869446966373,0.1093596059113301
RB1,46,23,0.012280701754386003,0.37577815506508194,0.23217317487266553,0.18777589134125638,0.13375778155065077,-0.10752688172043001,0.15772495755517824,0.1417091114883984,
RET,65,17,-0.0021645021645022577,-0.00595238095238082,0.3497474747474747,0.28354978354978355,0.07377344877344871,-0.0023255813953488857,0.19333702473237357,0.117744827846572,0.051993355481727455
TP53,273,85,0.9203439153439152,0.8628306878306878,0.757473544973545,0.6957142857142858,0.7853703703703704,0.6329298048048048,0.7237414584667948,0.7817752175221345,0.8757976726726727
TP63,70,14,0.22916666666666663,0.297794117647059,0.241421568627451,0.14093137254901966,0.22671568627450978,0.16666666666666663,0.3970588235294118,0.2634293300653595,0.4076797385620915
TSC1,21,57,0.05343228200371075,0.7250463821892394,0.036363636363636376,0.4844155844155844,0.5693877551020409,-0.021948402002310408,-0.019202226345083395,0.26107071596097403,
TSC2,97,105,0.04302802460697186,0.3021189336978811,0.27929596719070404,0.026794258373205704,0.024791524265208476,0.4392857142857142,0.30948660714285714,0.2512696833642003,0.5853564373510598
VHL,182,10,-0.07586596385542166,0.8795180722891567,0.794051204819277,0.6570030120481928,0.4871987951807229,0.2306099397590362,0.4375,0.48714500860585197,
