layer,n,n_up,median_enrichment,p,at_floor
0,11,10,1.0558878183364868,0.0419921875,False
1,11,9,1.1001980304718018,0.009765625,False
2,11,9,1.093435287475586,0.0322265625,False
3,11,10,1.191204309463501,0.001953125,False
4,11,11,1.3364890813827515,0.0009765625,True
5,11,11,1.4267659187316895,0.0009765625,True
6,11,10,1.2672221660614014,0.0029296875,False
7,11,11,1.2470643520355225,0.0009765625,True
8,11,10,1.3371375799179077,0.0029296875,False
9,11,10,1.362139344215393,0.0068359375,False
10,11,10,1.434051513671875,0.001953125,False
11,11,11,1.6530767679214478,0.0009765625,True
12,11,11,1.7012218236923218,0.0009765625,True
13,11,11,1.8301916122436523,0.0009765625,True
14,11,11,1.5303009748458862,0.0009765625,True
15,11,11,1.7467690706253052,0.0009765625,True
16,11,11,1.5671427249908447,0.0009765625,True
17,11,11,1.7640647888183594,0.0009765625,True
18,11,11,1.5019956827163696,0.0009765625,True
19,11,11,1.6876798868179321,0.0009765625,True
20,11,11,1.9051814079284668,0.0009765625,True
21,11,11,1.6899621486663818,0.0009765625,True
22,11,11,1.780288577079773,0.0009765625,True
23,11,11,2.2186765670776367,0.0009765625,True
24,11,11,1.9938948154449463,0.0009765625,True
25,11,11,2.0856261253356934,0.0009765625,True
26,11,11,1.659001350402832,0.0009765625,True
27,11,11,1.6702616214752197,0.0009765625,True
28,11,11,1.6860063076019287,0.0009765625,True
29,11,10,1.3693352937698364,0.0029296875,False
30,11,11,1.2698172330856323,0.0009765625,True
31,11,9,1.1852517127990723,0.0068359375,False
32,11,8,1.0938079357147217,0.013671875,False
