gene,n_path,pool,n_matched,diff
BRAF,53,713,53,-0.0006792452830177709
CDKN2A,26,130,25,0.02743999999999991
EGFR,15,1007,15,0.001700000000000479
ERBB2,11,1011,11,0.0004999999999997229
HRAS,13,176,11,0.00959090909090854
KIT,27,946,27,-0.0025370370370376705
MYCN,8,456,8,0.002374999999999794
PTEN,115,288,108,0.007842592592593789
RB1,32,896,32,0.00018750000000089528
RET,33,989,33,0.00046969696969778596
STK11,22,390,22,0.0025227272727281758
TP53,101,243,72,0.0214444444444446
TP63,53,627,53,2.8301886791481934e-05
TSC1,17,1004,17,0.003205882352943057
VHL,71,142,48,0.057416666666667115
