method,n_native,cov,genes_native,micro_native,macro_native,n_genes_macro,micro_shared34,rank_shared,rank_native_micro,rank_native_macro,rshift
AlphaMissense (API),2755,63.83225208526413,19,0.9723286006097007,0.9665432300026936,17,0.9823224403882339,1.0,2.0,6.0,-5.0
phactboost,2980,69.0454124189064,22,0.9735426217561413,0.9761008010321519,15,0.9807769993727874,2.0,1.0,2.0,0.0
metarnn,3685,85.37998146431882,23,0.967361065630113,0.978103000517214,16,0.9799318570805916,3.0,3.0,1.0,2.0
varity_r,2980,69.0454124189064,22,0.9632994266291593,0.9674802058463536,15,0.9740916049198975,4.0,5.0,5.0,-1.0
varity_er,2980,69.0454124189064,22,0.9613180246498247,0.960220805589482,15,0.9689862013245877,5.0,6.0,7.0,-2.0
bayesdel_add_af,3684,85.35681186283595,23,0.9564500137694983,0.9740390462926161,16,0.9683390562046202,6.0,8.0,3.0,3.0
clinpred,3680,85.26413345690455,23,0.9652244605555012,0.9711956449244509,16,0.9668640437135234,7.0,4.0,4.0,3.0
gmvp,3672,85.0787766450417,23,0.9582460033149762,0.9527029070248698,16,0.9667869709887634,8.0,7.0,10.0,-2.0
vest4,3605,83.52641334569046,23,0.9512286211302513,0.9529427217699911,16,0.9665012703711184,9.0,9.0,9.0,0.0
SaProt,2837,65.7321594068582,21,0.9389938829544419,0.9071198265604036,17,0.964822945347465,10.0,10.0,24.0,-14.0
bayesdel_no_af,3684,85.35681186283595,23,0.9387458038450107,0.9592853989911716,16,0.962688828175662,11.0,11.0,8.0,3.0
REVEL,3186,73.81835032437442,24,0.9260785913251094,0.9316887497294043,21,0.9516275633325184,12.0,13.0,12.0,0.0
ESM-2 650M,4316,100.0,24,0.9162159372419489,0.9018354001527071,22,0.9480636142324088,13.0,15.0,25.0,-12.0
mvp,3652,84.61538461538461,23,0.8972307387101428,0.9293424793901416,16,0.9439521830184868,14.0,20.0,13.0,1.0
deogen2,2989,69.25393883225209,22,0.914296116822491,0.9350700930519724,15,0.941343669937385,15.0,17.0,11.0,4.0
mutpred,3288,76.18164967562558,23,0.9013597032439921,0.9221072883316753,14,0.9404148107200188,16.0,19.0,16.0,0.0
primateai,3636,84.24467099165895,23,0.9304100167074358,0.8661195973534812,16,0.9334809231717819,17.0,12.0,29.0,-12.0
esm1b,2981,69.06858202038924,22,0.9149801031050803,0.9189906485980028,15,0.9287436082792052,18.0,16.0,17.0,1.0
m_cap,3588,83.13253012048193,23,0.9181503183409766,0.9092986980816575,15,0.9106607524424081,19.0,14.0,21.0,-2.0
CADD,3195,74.02687673772012,24,0.8833573226498449,0.9072335690800244,21,0.9018359254573866,20.0,23.0,23.0,-3.0
sift4g,3604,83.5032437442076,23,0.8924087013818744,0.9115141481763467,16,0.8987224531450988,21.0,21.0,18.0,3.0
provean,3609,83.61909175162187,23,0.886513094229421,0.9092537043285775,16,0.8974932760691847,22.0,22.0,22.0,0.0
metalr,3680,85.26413345690455,23,0.8395683734126351,0.9106675383454024,16,0.888507659434233,23.0,27.0,19.0,4.0
ESM-2 150M,4316,100.0,24,0.8171139554087531,0.8144982388419979,22,0.875572730075372,24.0,31.0,33.0,-9.0
SIFT,3063,70.96848934198331,24,0.8591270945833102,0.8900854193007904,21,0.8734399417436508,25.0,24.0,27.0,-2.0
ESM-1v,4316,100.0,24,0.7784130496490503,0.8123508975797762,22,0.8703929114354663,26.0,33.0,34.0,-8.0
PolyPhen-2,2895,67.07599629286376,23,0.8560031956735497,0.9098259914057767,20,0.8686255541263141,27.0,25.0,20.0,7.0
mpc,3220,74.60611677479147,21,0.9030523993415271,0.8914665892046237,15,0.8618936502705518,28.0,18.0,26.0,2.0
mutationassessor,2914,67.516218721038,21,0.8470477569945641,0.8894332085563549,14,0.8572679579448691,29.0,26.0,28.0,1.0
EVE,2541,58.87395736793327,20,0.832668713664694,0.9236963679047315,13,0.8290792732839359,30.0,30.0,15.0,15.0
mutformer,3670,85.032437442076,23,0.8340077311923878,0.9285895415317487,16,0.8285915889738165,31.0,29.0,14.0,17.0
metasvm,3680,85.26413345690455,23,0.838046709707265,0.8326289973117387,16,0.8274753633048786,32.0,28.0,32.0,0.0
fathmm,3613,83.71177015755329,23,0.7534489185459303,0.840572720958918,16,0.8175941084546121,33.0,34.0,30.0,3.0
list_s2,2957,68.51251158480075,21,0.8118666136500599,0.836148521578137,15,0.8130933270966438,34.0,32.0,31.0,3.0
