gene,method,ordered,disordered,drop
BRCA1,AlphaMissense,0.9641373580725561,0.7365442655935613,0.22759309247899473
BRCA1,SaProt,0.9522292993630573,0.653672032193159,0.2985572671698984
BRCA1,ESM-2 650M,0.9185821102187759,0.6566901408450704,0.2618919693737055
BRCA1,ESM-2 150M,0.8935198006092495,0.6267605633802816,0.2667592372289679
BRCA1,ESM-1v,0.8450567709775687,0.608400402414487,0.2366563685630817
BRCA1,REVEL,0.9059202059202058,0.7584913112164297,0.14742889470377618
BRCA1,CADD,0.8486486486486486,0.7523696682464455,0.09627898040220317
BRCA1,EVE,0.8946549773755655,0.6179568193786202,0.2766981579969453
KIT,AlphaMissense,1.0,1.0,0.0
KIT,SaProt,1.0,0.9454545454545454,0.054545454545454564
KIT,ESM-2 650M,1.0,0.5636363636363636,0.4363636363636364
KIT,ESM-2 150M,0.9305555555555555,0.5636363636363637,0.36691919191919176
KIT,ESM-1v,1.0,0.9454545454545454,0.054545454545454564
KIT,REVEL,1.0,1.0,0.0
KIT,CADD,1.0,1.0,0.0
KIT,EVE,1.0,1.0,0.0
RET,AlphaMissense,0.9978354978354977,1.0,-0.0021645021645022577
RET,SaProt,0.9523809523809524,0.9583333333333333,-0.00595238095238082
RET,ESM-2 650M,0.9469696969696969,0.5972222222222222,0.3497474747474747
RET,ESM-2 150M,0.8668831168831169,0.5833333333333334,0.28354978354978355
RET,ESM-1v,0.7543290043290043,0.6805555555555556,0.07377344877344871
RET,REVEL,0.9976744186046511,1.0,-0.0023255813953488857
RET,CADD,0.9988925802879292,0.8055555555555556,0.19333702473237357
RET,EVE,0.9662790697674418,0.9142857142857144,0.051993355481727455
TSC2,AlphaMissense,0.9298701298701298,0.886842105263158,0.04302802460697186
TSC2,SaProt,0.938961038961039,0.6368421052631579,0.3021189336978811
TSC2,ESM-2 650M,0.9435064935064935,0.6642105263157895,0.27929596719070404
TSC2,ESM-2 150M,0.7636363636363636,0.7368421052631579,0.026794258373205704
TSC2,ESM-1v,0.7058441558441558,0.6810526315789474,0.024791524265208476
TSC2,REVEL,0.9205357142857142,0.48125,0.4392857142857142
TSC2,CADD,0.8477678571428572,0.53828125,0.30948660714285714
TSC2,EVE,0.9329044117647058,0.34754797441364604,0.5853564373510598
